,0
0,PLAYER
1,MINS PLAYED
2,SHOTS
3,SOT
4,GOALS
5,XG
6,CHANCES CREATED
7,ASSISTS
8,XA
9,PASSES
10,PASS %
11,TACKLES WON
12,INT
13,REC
14,SHOT-ENDING
15,GOAL-ENDING
16,CHANCE-CREATING
17,ASSIST
18,TOTAL
19,ATTEMPTS
20,WIN %
21,"['AARON MOOY', '360', '1', '0', '0', '0.05', '0', '0', '0.07', '204', '81', '6', '3', '35', '0', '0', '0', '0', '0', '4']"
22,"['AARON RAMSEY', '267', '1', '0', '0', '0.04', '1', '0', '0.06', '98', '80', '0', '0', '19', '0', '0', '1', '0', '1', '8']"
23,"['ABDELHAMID SABIRI', '133', '3', '0', '0', '0.16', '2', '0', '0.01', '45', '73', '0', '5', '5', '0', '0', '0', '0', '0', '0']"
24,"['ABDELKARIM HASSAN', '270', '6', '0', '0', '0.30', '1', '0', '0.05', '142', '77', '3', '1', '11', '2', '0', '0', '0', '2', '5']"
25,"['ABDERRAZAK HAMDALLAH', '40', '1', '1', '0', '0.06', '0', '0', '0.01', '9', '67', '0', '0', '1', '0', '0', '0', '0', '0', '0']"
26,"['ABDESSAMAD EZZALZOULI', '79', '0', '0', '0', '0.00', '1', '0', '0.14', '8', '75', '2', '0', '4', '0', '0', '0', '0', '0', '2']"
27,"['ABDOU DIALLO', '332', '1', '0', '0', '0.03', '1', '0', '0.05', '162', '78', '2', '1', '17', '0', '0', '0', '0', '0', '1']"
28,"['ABDUL RAHMAN BABA', '182', '0', '0', '0', '0.00', '3', '0', '0.08', '67', '69', '3', '1', '6', '0', '0', '0', '0', '0', '5']"
29,"['ABDULAZIZ HATEM', '196', '1', '1', '0', '0.02', '0', '0', '0.02', '84', '80', '1', '1', '4', '1', '0', '0', '0', '1', '1']"
30,"['ABDULELAH AL AMRI', '182', '1', '0', '0', '0.07', '0', '0', '0.03', '98', '72', '0', '4', '15', '0', '0', '0', '0', '0', '0']"
31,"['ABDULELAH AL MALKI', '175', '2', '0', '0', '0.12', '0', '0', '0.03', '77', '78', '1', '2', '9', '0', '0', '0', '0', '0', '0']"
32,"['ABDULLAH MADU', '45', '0', '0', '0', '0.00', '0', '0', '0.00', '12', '42', '0', '0', '2', '0', '0', '0', '0', '0', '0']"
33,"['ABDULRAHMAN AL OBUD', '33', '1', '0', '0', '0.07', '1', '0', '0.02', '11', '73', '3', '0', '1', '0', '0', '0', '0', '0', '4']"
34,"['ABOLFAZL JALALI', '18', '0', '0', '0', '0.00', '0', '0', '0.00', '19', '68', '0', '0', '3', '0', '0', '0', '0', '0', '5']"
35,"['ACHRAF DARI', '33', '0', '0', '0', '0.00', '0', '0', '0.00', '7', '56', '0', '0', '2', '0', '0', '0', '0', '0', '0']"
36,"['ACHRAF HAKIMI', '453', '3', '1', '0', '0.10', '3', '1', '0.41', '179', '81', '13', '7', '30', '1', '0', '0', '0', '1', '11']"
37,"['ADRIEN RABIOT', '387', '8', '3', '1', '0.99', '3', '1', '0.49', '222', '86', '8', '7', '23', '0', '0', '1', '1', '2', '5']"
38,"['AGUSTÍN CANOBBIO', '10', '0', '0', '0', '0.00', '0', '0', '0.00', '7', '71', '1', '0', '2', '0', '0', '0', '0', '0', '1']"
39,"['AHMAD NOOROLLAHI', '226', '5', '1', '0', '0.10', '0', '0', '0.01', '49', '69', '3', '6', '15', '0', '0', '0', '0', '0', '3']"
40,"['AHMED ALAA', '5', '0', '0', '0', '0.00', '0', '0', '0.00', '2', '0', '0', '0', '0', '0', '0', '0', '0', '0', '0']"
41,"['AJDIN HRUSTIC', '59', '1', '0', '0', '0.03', '0', '0', '0.01', '18', '83', '0', '1', '3', '0', '0', '0', '0', '0', '5']"
42,"['AKRAM AFIF', '270', '2', '0', '0', '0.04', '4', '0', '0.18', '138', '89', '0', '0', '14', '1', '0', '1', '0', '2', '7']"
43,"['ALAN FRANCO', '46', '0', '0', '0', '0.00', '0', '0', '0.00', '11', '91', '0', '2', '1', '0', '0', '0', '0', '0', '0']"
44,"['ALEKSANDAR MITROVIC', '263', '10', '3', '2', '1.65', '2', '0', '0.06', '56', '77', '0', '0', '6', '1', '0', '0', '0', '1', '1']"
45,PLAYER
46,MINS PLAYED
47,SHOTS
48,SOT
49,GOALS
50,XG
51,CHANCES CREATED
52,ASSISTS
53,XA
54,PASSES
55,PASS %
56,TACKLES WON
57,INT
58,REC
59,SHOT-ENDING
60,GOAL-ENDING
61,CHANCE-CREATING
62,ASSIST
63,TOTAL
64,ATTEMPTS
65,WIN %
66,"['ALEX TELLES', '58', '0', '0', '0', '0.00', '0', '0', '0.01', '35', '83', '2', '0', '1', '0', '0', '0', '0', '0', '0']"
67,"['ALEXANDER BAH', '46', '2', '0', '0', '0.06', '1', '0', '0.07', '42', '74', '4', '2', '3', '0', '0', '1', '0', '1', '3']"
68,"['ALEXANDER DJIKU', '96', '0', '0', '0', '0.00', '0', '0', '0.00', '27', '78', '1', '2', '3', '0', '0', '0', '0', '0', '0']"
69,"['ALEXIS MAC ALLISTER', '439', '4', '3', '1', '0.62', '7', '0', '0.34', '211', '90', '4', '3', '32', '0', '0', '2', '0', '2', '6']"
70,"['ALEXIS VEGA', '195', '9', '2', '0', '0.83', '0', '0', '0.02', '48', '75', '0', '1', '16', '2', '0', '0', '0', '2', '5']"
71,"['ALI ABDI', '187', '0', '0', '0', '0.00', '0', '0', '0.05', '83', '61', '5', '4', '17', '0', '0', '0', '0', '0', '4']"
72,"['ALI AL BULAYHI', '217', '0', '0', '0', '0.00', '0', '0', '0.01', '87', '80', '2', '3', '5', '0', '0', '0', '0', '0', '0']"
73,"['ALI AL HASSAN', '45', '1', '0', '0', '0.07', '0', '0', '0.00', '5', '80', '1', '0', '1', '0', '0', '0', '0', '0', '0']"
74,"['ALI ASAD', '26', '0', '0', '0', '0.00', '0', '0', '0.01', '23', '91', '0', '0', '1', '0', '0', '0', '0', '0', '1']"
75,"['ALI GHOLIZADEH', '199', '1', '0', '0', '0.03', '2', '1', '0.67', '64', '66', '0', '3', '21', '0', '0', '2', '1', '3', '9']"
76,"['ALI KARIMI', '97', '0', '0', '0', '0.00', '0', '0', '0.02', '42', '79', '3', '3', '6', '0', '0', '0', '0', '0', '0']"
77,"['ALI MAÂLOUL', '90', '0', '0', '0', '0.00', '0', '0', '0.12', '37', '73', '1', '0', '5', '0', '0', '0', '0', '0', '0']"
78,"['ALIDU SEIDU', '156', '1', '0', '0', '0.01', '0', '0', '0.02', '56', '82', '4', '0', '6', '0', '0', '0', '0', '0', '6']"
79,"['ALIREZA JAHANBAKHSH', '58', '3', '0', '0', '0.19', '0', '0', '0.01', '14', '71', '1', '1', '1', '2', '0', '0', '0', '2', '1']"
80,"['ALISTAIR JOHNSTON', '270', '2', '1', '0', '0.80', '3', '0', '0.11', '137', '82', '3', '2', '16', '0', '0', '2', '0', '2', '1']"
81,"['ALMOEZ ALI', '226', '3', '1', '0', '0.36', '0', '0', '0.01', '42', '71', '0', '1', '6', '1', '0', '0', '0', '1', '3']"
82,"['ALPHONSO DAVIES', '270', '5', '1', '1', '0.28', '6', '0', '0.20', '81', '78', '1', '3', '14', '0', '0', '3', '0', '3', '25']"
83,"['AMADOU ONANA', '105', '2', '0', '0', '0.47', '0', '0', '0.02', '63', '92', '1', '0', '7', '0', '0', '0', '0', '0', '1']"
84,"['ANDREAS CHRISTENSEN', '270', '2', '1', '1', '0.36', '0', '0', '0.04', '249', '94', '2', '4', '20', '0', '0', '0', '0', '0', '0']"
85,"['ANDREAS CORNELIUS', '90', '5', '2', '0', '1.02', '3', '0', '0.04', '32', '63', '0', '0', '2', '0', '0', '0', '0', '0', '1']"
86,"['ANDREAS SKOV OLSEN', '134', '4', '1', '0', '0.23', '0', '0', '0.05', '54', '70', '0', '1', '3', '1', '0', '0', '0', '1', '2']"
87,"['ANDREJ KRAMARIC', '420', '9', '3', '2', '1.56', '3', '0', '0.27', '145', '89', '1', '0', '14', '3', '1', '0', '0', '4', '10']"
88,"['ANDRIJA ZIVKOVIC', '213', '1', '0', '0', '0.06', '4', '2', '0.82', '70', '83', '3', '3', '11', '1', '0', '2', '1', '4', '1']"
89,"['ANDRÉ AYEW', '200', '3', '1', '1', '0.36', '0', '0', '0.01', '30', '77', '1', '0', '6', '0', '0', '0', '0', '0', '2']"
90,PLAYER
91,MINS PLAYED
92,SHOTS
93,SOT
94,GOALS
95,XG
96,CHANCES CREATED
97,ASSISTS
98,XA
99,PASSES
100,PASS %
101,TACKLES WON
102,INT
103,REC
104,SHOT-ENDING
105,GOAL-ENDING
106,CHANCE-CREATING
107,ASSIST
108,TOTAL
109,ATTEMPTS
110,WIN %
111,"['ANDRÉS GUARDADO', '42', '0', '0', '0', '0.00', '0', '0', '0.00', '14', '64', '2', '0', '5', '0', '0', '0', '0', '0', '0']"
112,"['ANGELO PRECIADO', '265', '4', '0', '0', '0.07', '4', '1', '0.24', '90', '77', '5', '6', '10', '0', '0', '0', '0', '0', '4']"
113,"['ANIS BEN SLIMANE', '150', '1', '1', '0', '0.11', '0', '0', '0.02', '35', '71', '1', '1', '5', '0', '0', '0', '0', '0', '1']"
114,"['ANSU FATI', '44', '0', '0', '0', '0.00', '0', '0', '0.05', '27', '89', '1', '0', '1', '0', '0', '0', '0', '0', '2']"
115,"['ANTE BUDIMIR', '53', '1', '0', '0', '0.18', '1', '0', '0.01', '5', '40', '1', '0', '0', '0', '0', '0', '0', '0', '0']"
116,"['ANTHONY CONTRERAS', '127', '0', '0', '0', '0.00', '1', '0', '0.02', '22', '55', '2', '1', '4', '0', '0', '0', '0', '0', '0']"
117,"['ANTOINE GRIEZMANN', '376', '6', '3', '0', '0.67', '8', '2', '2.05', '219', '85', '7', '4', '24', '3', '0', '3', '0', '6', '6']"
118,"['ANTOINE SEMENYO', '19', '1', '0', '0', '0.05', '0', '0', '0.00', '2', '50', '0', '0', '0', '0', '0', '0', '0', '0', '0']"
119,"['ANTONEE ROBINSON', '359', '0', '0', '0', '0.00', '3', '0', '0.23', '184', '80', '4', '7', '40', '0', '0', '1', '0', '1', '5']"
120,"['ANTONIO RÜDIGER', '270', '6', '1', '0', '0.76', '0', '0', '0.05', '242', '92', '1', '0', '20', '1', '0', '0', '0', '1', '1']"
121,"['ANTONY', '170', '6', '2', '0', '0.23', '2', '0', '0.20', '95', '86', '0', '1', '12', '2', '0', '1', '0', '3', '16']"
122,"['ANTÓNIO SILVA', '90', '0', '0', '0', '0.00', '0', '0', '0.00', '60', '97', '1', '1', '4', '0', '0', '0', '0', '0', '0']"
123,"['AO TANAKA', '173', '1', '1', '1', '0.96', '1', '0', '0.38', '64', '69', '1', '3', '9', '0', '0', '0', '0', '0', '1']"
124,"['ARDON JASHARI', '1', '0', '0', '0', '0.00', '0', '0', '0.00', '6', '83', '0', '0', '1', '0', '0', '0', '0', '0', '1']"
125,"['ARKADIUSZ MILIK', '100', '1', '0', '0', '0.25', '1', '0', '0.01', '29', '66', '0', '0', '3', '0', '0', '0', '0', '0', '1']"
126,"['ARTUR JEDRZEJCZYK', '18', '0', '0', '0', '0.00', '0', '0', '0.00', '3', '100', '0', '0', '0', '0', '0', '0', '0', '0', '0']"
127,"['ASSIM MADIBO', '154', '0', '0', '0', '0.00', '1', '0', '0.01', '67', '82', '3', '2', '15', '0', '0', '1', '0', '1', '0']"
128,"['ATIBA HUTCHINSON', '161', '2', '0', '0', '0.12', '0', '0', '0.04', '108', '89', '1', '1', '10', '0', '0', '0', '0', '0', '1']"
129,"['AURÉLIEN TCHOUAMÉNI', '413', '5', '2', '1', '0.30', '4', '0', '0.17', '346', '94', '2', '8', '24', '0', '0', '2', '0', '2', '0']"
130,"['AWER MABIL', '22', '0', '0', '0', '0.00', '0', '0', '0.00', '13', '69', '0', '1', '2', '0', '0', '0', '0', '0', '1']"
131,"['AXEL DISASI', '91', '1', '0', '0', '0.07', '0', '0', '0.01', '59', '73', '2', '3', '4', '0', '0', '0', '0', '0', '2']"
132,"['AXEL WITSEL', '270', '1', '0', '0', '0.03', '1', '0', '0.05', '161', '95', '2', '4', '12', '1', '0', '0', '0', '1', '0']"
133,"['AYASE UEDA', '45', '0', '0', '0', '0.00', '1', '0', '0.01', '12', '57', '0', '0', '3', '0', '0', '0', '0', '0', '0']"
134,"['AYMERIC LAPORTE', '300', '1', '0', '0', '0.03', '1', '0', '0.09', '424', '94', '0', '3', '17', '0', '0', '1', '0', '1', '0']"
135,PLAYER
136,MINS PLAYED
137,SHOTS
138,SOT
139,GOALS
140,XG
141,CHANCES CREATED
142,ASSISTS
143,XA
144,PASSES
145,PASS %
146,TACKLES WON
147,INT
148,REC
149,SHOT-ENDING
150,GOAL-ENDING
151,CHANCE-CREATING
152,ASSIST
153,TOTAL
154,ATTEMPTS
155,WIN %
156,"['AZZEDINE OUNAHI', '446', '2', '0', '0', '0.06', '5', '0', '0.33', '156', '79', '7', '7', '29', '0', '0', '4', '0', '4', '10']"
157,"['AÏSSA LAÏDOUNI', '245', '2', '0', '0', '0.13', '4', '1', '0.21', '115', '81', '3', '4', '25', '0', '0', '1', '0', '1', '4']"
158,"['BADR BENOUN', '26', '0', '0', '0', '0.00', '0', '0', '0.00', '1', '0', '0', '0', '1', '0', '0', '0', '0', '0', '0']"
159,"['BAILEY WRIGHT', '16', '0', '0', '0', '0.00', '0', '0', '0.00', '3', '33', '0', '0', '0', '0', '0', '0', '0', '0', '0']"
160,"['BAMBA DIENG', '97', '4', '1', '1', '0.50', '2', '0', '0.01', '14', '56', '1', '0', '4', '0', '0', '0', '0', '0', '2']"
161,"['BARTOSZ BERESZYNSKI', '342', '0', '0', '0', '0.00', '0', '0', '0.07', '108', '77', '2', '2', '15', '0', '0', '0', '0', '0', '9']"
162,"['BASSAM AL RAWI', '90', '0', '0', '0', '0.00', '1', '0', '0.17', '53', '81', '0', '0', '3', '0', '0', '1', '0', '1', '1']"
163,"['BEN DAVIES', '239', '3', '2', '0', '0.35', '0', '0', '0.03', '135', '77', '2', '1', '20', '0', '0', '0', '0', '0', '3']"
164,"['BENJAMIN PAVARD', '89', '0', '0', '0', '0.00', '0', '0', '0.02', '83', '92', '0', '1', '5', '0', '0', '0', '0', '0', '0']"
165,"['BERNARDO SILVA', '358', '1', '0', '0', '0.18', '5', '0', '0.30', '269', '88', '2', '2', '32', '0', '0', '4', '0', '4', '6']"
166,"['BORNA BARISIC', '120', '1', '0', '0', '0.02', '1', '0', '0.21', '45', '80', '1', '0', '3', '0', '0', '0', '0', '0', '0']"
167,"['BORNA SOSA', '425', '2', '0', '0', '0.07', '2', '0', '0.50', '216', '84', '6', '2', '14', '1', '0', '1', '0', '2', '5']"
168,"['BOUALEM KHOUKHI', '270', '0', '0', '0', '0.00', '0', '0', '0.25', '184', '86', '2', '3', '16', '0', '0', '0', '0', '0', '3']"
169,"['BOULAYE DIA', '320', '8', '3', '1', '0.74', '1', '0', '0.08', '50', '76', '0', '1', '7', '0', '0', '0', '0', '0', '4']"
170,"['BRANDON AGUILERA', '88', '0', '0', '0', '0.00', '0', '0', '0.00', '34', '76', '0', '1', '8', '0', '0', '0', '0', '0', '3']"
171,"['BREEL EMBOLO', '326', '6', '3', '2', '2.29', '2', '0', '0.06', '53', '72', '0', '0', '6', '1', '0', '0', '0', '1', '7']"
172,"['BREMER', '108', '1', '0', '0', '0.17', '0', '0', '0.01', '81', '95', '1', '1', '9', '0', '0', '0', '0', '0', '0']"
173,"['BRENDEN AARONSON', '105', '1', '0', '0', '0.07', '3', '0', '0.11', '46', '87', '2', '1', '9', '0', '0', '1', '0', '1', '11']"
174,"['BRENNAN JOHNSON', '89', '3', '1', '0', '0.21', '0', '0', '0.07', '15', '60', '0', '0', '3', '2', '0', '0', '0', '2', '5']"
175,"['BRUNO FERNANDES', '357', '7', '3', '1', '0.33', '5', '2', '0.87', '191', '87', '3', '2', '23', '1', '1', '3', '1', '6', '6']"
176,"['BRUNO GUIMARÃES', '67', '5', '2', '0', '0.70', '0', '0', '0.10', '49', '84', '0', '0', '6', '0', '0', '0', '0', '0', '2']"
177,"['BRUNO PETKOVIC', '206', '1', '1', '1', '0.12', '4', '0', '0.15', '58', '55', '3', '0', '5', '0', '0', '3', '0', '3', '3']"
178,"['BRYAN MBEUMO', '226', '2', '2', '0', '0.21', '4', '0', '0.09', '72', '63', '0', '1', '7', '0', '0', '2', '0', '2', '8']"
179,"['BRYAN OVIEDO', '261', '0', '0', '0', '0.00', '0', '0', '0.03', '75', '76', '5', '3', '14', '0', '0', '0', '0', '0', '4']"
180,PLAYER
181,MINS PLAYED
182,SHOTS
183,SOT
184,GOALS
185,XG
186,CHANCES CREATED
187,ASSISTS
188,XA
189,PASSES
190,PASS %
191,TACKLES WON
192,INT
193,REC
194,SHOT-ENDING
195,GOAL-ENDING
196,CHANCE-CREATING
197,ASSIST
198,TOTAL
199,ATTEMPTS
200,WIN %
201,"['BUKAYO SAKA', '293', '7', '5', '3', '0.64', '5', '0', '0.57', '98', '79', '4', '2', '13', '3', '1', '3', '0', '7', '11']"
202,"['CALLUM WILSON', '46', '0', '0', '0', '0.00', '3', '1', '0.45', '9', '89', '0', '0', '3', '0', '0', '2', '1', '3', '1']"
203,"['CAMERON CARTER-VICKERS', '90', '0', '0', '0', '0.00', '0', '0', '0.01', '54', '85', '0', '0', '4', '0', '0', '0', '0', '0', '0']"
204,"['CARLOS GRUEZO', '45', '0', '0', '0', '0.00', '0', '0', '0.00', '15', '100', '2', '0', '2', '0', '0', '0', '0', '0', '0']"
205,"['CARLOS MARTÍNEZ', '45', '0', '0', '0', '0.00', '0', '0', '0.00', '9', '67', '1', '1', '3', '0', '0', '0', '0', '0', '0']"
206,"['CARLOS RODRÍGUEZ', '32', '0', '0', '0', '0.00', '0', '0', '0.01', '28', '75', '0', '0', '6', '0', '0', '0', '0', '0', '2']"
207,"['CARLOS SOLER', '90', '4', '1', '1', '0.54', '0', '0', '0.05', '78', '96', '0', '0', '3', '0', '0', '0', '0', '0', '2']"
208,"['CASEMIRO', '390', '9', '3', '1', '0.42', '4', '0', '0.40', '244', '83', '4', '7', '22', '1', '0', '0', '0', '1', '3']"
209,"['CELSO BORGES', '251', '0', '0', '0', '0.00', '1', '0', '0.02', '110', '85', '1', '4', '17', '0', '0', '0', '0', '0', '2']"
210,"['CHARLES DE KETELAERE', '15', '0', '0', '0', '0.00', '0', '0', '0.00', '4', '75', '0', '0', '3', '0', '0', '0', '0', '0', '0']"
211,"['CHEIKHOU KOUYATÉ', '73', '0', '0', '0', '0.00', '1', '0', '0.02', '20', '85', '0', '2', '5', '0', '0', '0', '0', '0', '1']"
212,"['CHO GUE-SUNG', '275', '9', '5', '2', '1.07', '1', '0', '0.09', '55', '60', '0', '0', '4', '0', '0', '0', '0', '0', '5']"
213,"['CHO YU-MIN', '1', '0', '0', '0', '0.00', '0', '0', '0.00', '0', '0', '0', '0', '0', '0', '0', '0', '0', '0', '0']"
214,"['CHRIS MEPHAM', '270', '0', '0', '0', '0.00', '2', '0', '0.16', '167', '81', '6', '1', '8', '0', '0', '0', '0', '0', '0']"
215,"['CHRISTIAN BASSOGOG', '23', '0', '0', '0', '0.00', '0', '0', '0.04', '7', '71', '0', '1', '2', '0', '0', '0', '0', '0', '4']"
216,"['CHRISTIAN ERIKSEN', '270', '4', '1', '0', '0.18', '3', '0', '0.25', '190', '90', '0', '0', '30', '1', '0', '0', '0', '1', '4']"
217,"['CHRISTIAN FASSNACHT', '7', '1', '1', '0', '0.23', '0', '0', '0.01', '10', '70', '0', '0', '2', '1', '0', '0', '0', '1', '2']"
218,"['CHRISTIAN NØRGAARD', '5', '0', '0', '0', '0.00', '0', '0', '0.01', '15', '93', '0', '0', '2', '0', '0', '0', '0', '0', '0']"
219,"['CHRISTIAN PULISIC', '315', '9', '5', '1', '1.06', '6', '2', '1.03', '107', '73', '0', '0', '11', '3', '0', '4', '1', '8', '15']"
220,"['CHRISTOPHER WOOH', '90', '1', '0', '0', '0.04', '0', '0', '0.00', '27', '85', '0', '1', '0', '0', '0', '0', '0', '0', '0']"
221,"['CODY GAKPO', '453', '5', '3', '3', '0.31', '5', '0', '0.31', '106', '74', '2', '3', '19', '2', '1', '2', '0', '5', '13']"
222,"['COLLINS FAI', '270', '1', '0', '0', '0.02', '2', '0', '0.19', '105', '72', '2', '4', '21', '1', '0', '0', '0', '1', '2']"
223,"['CONNOR ROBERTS', '201', '0', '0', '0', '0.00', '1', '0', '0.18', '92', '82', '3', '1', '8', '0', '0', '0', '0', '0', '0']"
224,"['CRAIG GOODWIN', '235', '2', '1', '1', '0.28', '3', '0', '0.18', '73', '70', '3', '0', '14', '0', '0', '0', '0', '0', '0']"
225,PLAYER
226,MINS PLAYED
227,SHOTS
228,SOT
229,GOALS
230,XG
231,CHANCES CREATED
232,ASSISTS
233,XA
234,PASSES
235,PASS %
236,TACKLES WON
237,INT
238,REC
239,SHOT-ENDING
240,GOAL-ENDING
241,CHANCE-CREATING
242,ASSIST
243,TOTAL
244,ATTEMPTS
245,WIN %
246,"['CRISTIANO RONALDO', '291', '10', '3', '0', '0.84', '4', '0', '0.10', '80', '74', '0', '0', '6', '1', '0', '0', '0', '1', '5']"
247,"['CYLE LARIN', '137', '3', '1', '0', '0.24', '2', '0', '0.26', '26', '73', '0', '0', '4', '0', '0', '1', '0', '1', '4']"
248,"['CÉSAR AZPILICUETA', '135', '0', '0', '0', '0.00', '4', '1', '0.52', '159', '96', '0', '1', '5', '0', '0', '2', '0', '2', '0']"
249,"['CÉSAR MONTES', '270', '1', '0', '0', '0.18', '0', '0', '0.53', '192', '81', '3', '2', '13', '0', '0', '0', '0', '0', '2']"
250,"['DAICHI KAMADA', '324', '6', '1', '0', '0.65', '0', '0', '0.14', '92', '82', '3', '0', '10', '1', '0', '0', '0', '1', '4']"
251,"['DAIZEN MAEDA', '183', '2', '1', '1', '0.48', '0', '0', '0.05', '15', '40', '2', '3', '4', '0', '0', '0', '0', '0', '1']"
252,"['DALEY BLIND', '424', '5', '2', '1', '0.38', '2', '1', '0.40', '260', '85', '9', '5', '24', '0', '0', '1', '1', '2', '2']"
253,"['DAMIAN SZYMANSKI', '28', '0', '0', '0', '0.00', '0', '0', '0.00', '8', '100', '0', '1', '0', '0', '0', '0', '0', '0', '0']"
254,"['DAN JAMES', '154', '0', '0', '0', '0.03', '1', '0', '0.02', '28', '71', '1', '0', '4', '0', '0', '1', '0', '1', '4']"
255,"['DANI ALVES', '117', '3', '0', '0', '0.19', '0', '0', '0.07', '77', '88', '4', '2', '9', '0', '0', '0', '0', '0', '2']"
256,"['DANI OLMO', '368', '12', '6', '1', '1.40', '5', '1', '0.43', '175', '85', '3', '1', '15', '3', '0', '2', '0', '5', '20']"
257,"['DANIEL AMARTEY', '270', '1', '0', '0', '0.23', '3', '0', '0.03', '136', '90', '4', '3', '15', '0', '0', '2', '0', '2', '1']"
258,"['DANIEL CARVAJAL', '135', '0', '0', '0', '0.00', '0', '0', '0.04', '109', '88', '1', '2', '9', '0', '0', '0', '0', '0', '0']"
259,"['DANIEL CHACÓN', '1', '0', '0', '0', '0.00', '0', '0', '0.00', '1', '100', '0', '0', '0', '0', '0', '0', '0', '0', '0']"
260,"['DANIEL-KOFI KYEREH', '31', '0', '0', '0', '0.00', '0', '0', '0.01', '18', '100', '2', '0', '3', '0', '0', '0', '0', '0', '2']"
261,"['DANILO', '282', '2', '0', '0', '0.03', '0', '0', '0.18', '237', '88', '2', '3', '17', '0', '0', '0', '0', '0', '1']"
262,"['DANILO PEREIRA', '90', '0', '0', '0', '0.00', '0', '0', '0.01', '76', '87', '2', '3', '4', '0', '0', '0', '0', '0', '1']"
263,"['DARKO LAZOVIC', '24', '1', '0', '0', '0.01', '0', '0', '0.00', '11', '64', '0', '0', '0', '0', '0', '0', '0', '0', '0']"
264,"['DARWIN NÚÑEZ', '242', '3', '2', '0', '0.38', '1', '0', '0.06', '49', '61', '2', '0', '6', '1', '0', '1', '0', '2', '5']"
265,"['DAVID RAUM', '244', '0', '0', '0', '0.00', '6', '1', '0.27', '138', '88', '3', '7', '12', '0', '0', '1', '1', '2', '4']"
266,"['DAVID WOTHERSPOON', '14', '0', '0', '0', '0.00', '0', '0', '0.00', '6', '67', '0', '0', '3', '0', '0', '0', '0', '0', '1']"
267,"['DAVY KLAASSEN', '191', '2', '1', '1', '0.23', '4', '2', '0.06', '75', '79', '2', '1', '14', '0', '0', '0', '0', '0', '1']"
268,"['DAYOT UPAMECANO', '360', '1', '0', '0', '0.05', '1', '0', '0.07', '279', '92', '7', '6', '29', '0', '0', '1', '0', '1', '0']"
269,"['DEANDRE YEDLIN', '31', '0', '0', '0', '0.00', '0', '0', '0.01', '19', '79', '1', '0', '1', '0', '0', '0', '0', '0', '0']"
270,PLAYER
271,MINS PLAYED
272,SHOTS
273,SOT
274,GOALS
275,XG
276,CHANCES CREATED
277,ASSISTS
278,XA
279,PASSES
280,PASS %
281,TACKLES WON
282,INT
283,REC
284,SHOT-ENDING
285,GOAL-ENDING
286,CHANCE-CREATING
287,ASSIST
288,TOTAL
289,ATTEMPTS
290,WIN %
291,"['DEJAN LOVREN', '600', '4', '1', '0', '0.26', '1', '1', '0.07', '441', '89', '2', '6', '31', '0', '0', '1', '1', '2', '0']"
292,"['DENIS ODOI', '12', '0', '0', '0', '0.00', '0', '0', '0.00', '1', '100', '0', '0', '0', '0', '0', '0', '0', '0', '0']"
293,"['DENIS ZAKARIA', '57', '1', '0', '0', '0.05', '0', '0', '0.02', '21', '86', '0', '3', '5', '0', '0', '0', '0', '0', '2']"
294,"['DENZEL DUMFRIES', '480', '1', '1', '1', '0.38', '2', '2', '0.41', '159', '71', '5', '7', '16', '0', '0', '1', '1', '2', '9']"
295,"['DIEGO GODÍN', '152', '1', '0', '0', '0.06', '0', '0', '0.01', '101', '84', '0', '1', '6', '0', '0', '0', '0', '0', '0']"
296,"['DIOGO DALOT', '259', '1', '1', '0', '0.04', '4', '1', '0.38', '118', '80', '6', '2', '13', '1', '0', '1', '1', '3', '4']"
297,"['DJIBRIL SOW', '269', '2', '0', '0', '0.16', '3', '1', '0.17', '93', '87', '1', '2', '9', '1', '0', '1', '0', '2', '2']"
298,"['DJORKAEFF REASCO', '26', '0', '0', '0', '0.00', '0', '0', '0.00', '2', '100', '0', '0', '1', '0', '0', '0', '0', '0', '0']"
299,"['DRIES MERTENS', '75', '3', '1', '0', '0.80', '2', '0', '0.05', '28', '71', '0', '0', '2', '1', '0', '1', '0', '2', '1']"
300,"['DUSAN TADIC', '258', '1', '0', '0', '0.08', '6', '1', '0.76', '102', '78', '2', '1', '10', '0', '0', '2', '1', '3', '6']"
301,"['DUSAN VLAHOVIC', '79', '3', '3', '1', '0.81', '0', '0', '0.00', '11', '55', '0', '0', '3', '0', '0', '0', '0', '0', '1']"
302,"['DYLAN BRONN', '163', '1', '0', '0', '0.07', '0', '0', '0.01', '89', '75', '2', '0', '7', '0', '0', '0', '0', '0', '1']"
303,"['EDEN HAZARD', '125', '1', '1', '0', '0.05', '1', '0', '0.05', '57', '81', '0', '1', '7', '1', '0', '0', '0', '1', '10']"
304,"['EDIMILSON FERNANDES', '143', '1', '0', '0', '0.03', '3', '0', '0.04', '63', '83', '1', '2', '14', '1', '0', '0', '0', '1', '1']"
305,"['EDINSON CAVANI', '123', '3', '0', '0', '0.29', '5', '0', '0.16', '36', '72', '0', '0', '6', '0', '0', '1', '0', '1', '1']"
306,"['EDSON ÁLVAREZ', '176', '1', '1', '0', '0.02', '1', '0', '0.37', '111', '75', '2', '4', '10', '0', '0', '0', '0', '0', '1']"
307,"['EDUARDO CAMAVINGA', '90', '0', '0', '0', '0.00', '1', '0', '0.05', '65', '85', '6', '3', '9', '0', '0', '0', '0', '0', '2']"
308,"['EHSAN HAJISAFI', '239', '1', '0', '0', '0.16', '2', '0', '0.28', '78', '69', '3', '2', '10', '0', '0', '0', '0', '0', '2']"
309,"['ELLYES SKHIRI', '270', '2', '0', '0', '0.07', '3', '0', '0.06', '120', '87', '3', '7', '18', '0', '0', '1', '0', '1', '3']"
310,"['ENNER VALENCIA', '256', '8', '4', '2', '1.48', '3', '0', '0.23', '51', '69', '0', '1', '8', '1', '0', '1', '0', '2', '8']"
311,"['ENZO EBOSSE', '90', '0', '0', '0', '0.00', '0', '0', '0.00', '33', '91', '2', '0', '1', '0', '0', '0', '0', '0', '0']"
312,"['ENZO FERNÁNDEZ', '443', '6', '2', '1', '0.21', '5', '1', '0.73', '367', '88', '8', '3', '28', '1', '0', '3', '1', '5', '4']"
313,"['ERAY CÖMERT', '46', '0', '0', '0', '0.00', '0', '0', '0.01', '41', '90', '0', '2', '4', '0', '0', '0', '0', '0', '1']"
314,"['ERIC CHOUPO-MOTING', '254', '3', '2', '1', '0.83', '2', '0', '0.08', '59', '63', '2', '1', '8', '1', '0', '1', '0', '2', '8']"
315,PLAYER
316,MINS PLAYED
317,SHOTS
318,SOT
319,GOALS
320,XG
321,CHANCES CREATED
322,ASSISTS
323,XA
324,PASSES
325,PASS %
326,TACKLES WON
327,INT
328,REC
329,SHOT-ENDING
330,GOAL-ENDING
331,CHANCE-CREATING
332,ASSIST
333,TOTAL
334,ATTEMPTS
335,WIN %
336,"['ETHAN AMPADU', '256', '1', '0', '0', '0.04', '2', '0', '0.06', '132', '75', '3', '4', '16', '0', '0', '1', '0', '1', '3']"
337,"['EXEQUIEL PALACIOS', '47', '1', '0', '0', '0.07', '1', '0', '0.06', '26', '92', '0', '2', '6', '0', '0', '1', '0', '1', '1']"
338,"['FABIAN FREI', '23', '0', '0', '0', '0.00', '0', '0', '0.00', '14', '64', '1', '1', '2', '0', '0', '0', '0', '0', '0']"
339,"['FABIAN RIEDER', '68', '0', '0', '0', '0.00', '1', '0', '0.01', '24', '50', '2', '0', '4', '0', '0', '0', '0', '0', '1']"
340,"['FABIAN SCHÄR', '135', '2', '0', '0', '0.14', '0', '0', '0.01', '74', '78', '1', '2', '7', '0', '0', '0', '0', '0', '0']"
341,"['FABINHO', '90', '0', '0', '0', '0.00', '0', '0', '0.02', '54', '89', '2', '1', '9', '0', '0', '0', '0', '0', '0']"
342,"['FACUNDO PELLISTRI', '182', '1', '0', '0', '0.17', '3', '0', '0.17', '43', '72', '1', '0', '9', '0', '0', '1', '0', '1', '6']"
343,"['FAMARA DIÉDHIOU', '92', '3', '1', '1', '0.20', '1', '0', '0.11', '14', '71', '0', '0', '3', '0', '0', '0', '0', '0', '1']"
344,"['FEDERICO VALVERDE', '270', '7', '1', '0', '0.17', '2', '0', '0.29', '173', '87', '4', '5', '19', '0', '0', '1', '0', '1', '4']"
345,"['FERAS AL BRIKAN', '269', '2', '0', '0', '0.11', '1', '1', '0.08', '60', '70', '3', '2', '7', '1', '0', '0', '0', '1', '7']"
346,"['FERJANI SASSI', '47', '1', '0', '0', '0.02', '0', '0', '0.02', '33', '76', '0', '1', '5', '0', '0', '0', '0', '0', '3']"
347,"['FERRAN TORRES', '219', '3', '2', '1', '0.23', '1', '0', '0.16', '76', '76', '0', '0', '8', '0', '0', '0', '0', '0', '13']"
348,"['FILIP DJURICIC', '13', '0', '0', '0', '0.00', '1', '0', '0.00', '5', '80', '0', '0', '0', '0', '0', '0', '0', '0', '0']"
349,"['FILIP KOSTIC', '179', '1', '0', '0', '0.02', '1', '0', '0.15', '75', '67', '3', '0', '12', '1', '0', '0', '0', '1', '1']"
350,"['FILIP MLADENOVIC', '66', '1', '0', '0', '0.02', '0', '0', '0.00', '17', '82', '0', '0', '4', '0', '0', '0', '0', '0', '2']"
351,"['FODÉ BALLO-TOURÉ', '6', '0', '0', '0', '0.00', '0', '0', '0.00', '5', '80', '0', '0', '0', '0', '0', '0', '0', '0', '1']"
352,"['FRAN KARACIC', '93', '3', '0', '0', '0.18', '1', '0', '0.11', '38', '61', '1', '2', '9', '0', '0', '1', '0', '1', '0']"
353,"['FRANCISCO CALVO', '180', '1', '0', '0', '0.01', '0', '0', '0.01', '93', '82', '4', '2', '12', '0', '0', '0', '0', '0', '2']"
354,"['FRANK ANGUISSA', '261', '1', '1', '0', '0.06', '0', '0', '0.08', '125', '88', '0', '5', '16', '0', '0', '0', '0', '0', '5']"
355,"['FRED', '143', '3', '1', '0', '0.33', '4', '0', '0.25', '80', '85', '3', '0', '7', '1', '0', '1', '0', '2', '0']"
356,"['FRENKIE DE JONG', '476', '2', '1', '1', '0.88', '4', '1', '0.40', '354', '89', '5', '6', '30', '1', '0', '0', '0', '1', '6']"
357,"['FÉLIX TORRES', '270', '1', '0', '0', '0.12', '0', '0', '0.01', '196', '81', '2', '4', '17', '0', '0', '0', '0', '0', '1']"
358,"['GABRIEL JESUS', '92', '2', '1', '0', '0.36', '4', '0', '0.07', '25', '80', '1', '2', '2', '0', '0', '0', '0', '0', '2']"
359,"['GABRIEL MARTINELLI', '111', '4', '3', '0', '0.52', '3', '0', '0.33', '36', '81', '1', '0', '5', '2', '0', '1', '0', '3', '11']"
360,PLAYER
361,MINS PLAYED
362,SHOTS
363,SOT
364,GOALS
365,XG
366,CHANCES CREATED
367,ASSISTS
368,XA
369,PASSES
370,PASS %
371,TACKLES WON
372,INT
373,REC
374,SHOT-ENDING
375,GOAL-ENDING
376,CHANCE-CREATING
377,ASSIST
378,TOTAL
379,ATTEMPTS
380,WIN %
381,"['GARETH BALE', '225', '1', '2', '0', '0.02', '2', '0', '0.22', '47', '64', '1', '1', '9', '0', '0', '1', '0', '1', '3']"
382,"['GAVI', '287', '1', '1', '1', '0.14', '1', '0', '0.23', '142', '87', '4', '1', '7', '0', '0', '1', '0', '1', '8']"
383,"['GAËL ONDOUA', '45', '0', '0', '0', '0.00', '0', '0', '0.01', '19', '89', '1', '2', '2', '0', '0', '0', '0', '0', '0']"
384,"['GERMÁN PEZZELLA', '53', '1', '0', '0', '0.07', '0', '0', '0.01', '42', '95', '0', '0', '1', '0', '0', '0', '0', '0', '0']"
385,"['GERSON TORRES', '65', '1', '0', '0', '0.01', '0', '0', '0.00', '14', '100', '0', '0', '4', '0', '0', '0', '0', '0', '2']"
386,"['GHAYLEN CHAALALI', '16', '0', '0', '0', '0.00', '0', '0', '0.00', '4', '75', '0', '2', '2', '0', '0', '0', '0', '0', '0']"
387,"['GIDEON MENSAH', '88', '0', '0', '0', '0.00', '1', '0', '0.14', '38', '79', '1', '2', '4', '0', '0', '0', '0', '0', '0']"
388,"['GIORGIAN DE ARRASCAETA', '108', '3', '3', '2', '1.21', '2', '0', '0.49', '45', '67', '1', '2', '7', '0', '0', '0', '0', '0', '1']"
389,"['GIOVANNI REYNA', '52', '2', '0', '0', '0.06', '2', '0', '0.16', '32', '69', '0', '0', '1', '1', '0', '1', '0', '2', '0']"
390,"['GONZALO MONTIEL', '88', '0', '0', '0', '0.00', '1', '0', '0.03', '56', '91', '1', '1', '2', '0', '0', '0', '0', '0', '1']"
391,"['GONZALO PLATA', '269', '2', '1', '0', '0.13', '1', '0', '0.05', '79', '86', '2', '2', '10', '0', '0', '0', '0', '0', '13']"
392,"['GONÇALO RAMOS', '153', '7', '5', '3', '1.57', '2', '1', '0.09', '29', '79', '1', '0', '2', '1', '1', '0', '0', '2', '2']"
393,"['GRANIT XHAKA', '360', '6', '3', '0', '0.32', '2', '0', '0.15', '229', '88', '4', '2', '21', '2', '0', '0', '0', '2', '2']"
394,"['GRZEGORZ KRYCHOWIAK', '334', '1', '0', '0', '0.02', '3', '0', '0.06', '122', '74', '4', '5', '23', '1', '0', '1', '0', '2', '3']"
395,"['GUIDO RODRÍGUEZ', '57', '0', '0', '0', '0.00', '0', '0', '0.01', '62', '84', '0', '0', '2', '0', '0', '0', '0', '0', '0']"
396,"['GUILLERMO VARELA', '182', '0', '0', '0', '0.00', '1', '0', '0.04', '65', '69', '2', '3', '8', '0', '0', '1', '0', '1', '3']"
397,"['HAITHAM ASIRI', '1', '0', '0', '0', '0.00', '0', '0', '0.00', '2', '50', '0', '0', '0', '0', '0', '0', '0', '0', '0']"
398,"['HAJI WRIGHT', '135', '6', '3', '1', '0.53', '1', '0', '0.03', '23', '74', '0', '0', '4', '2', '0', '0', '0', '2', '1']"
399,"['HAKIM ZIYECH', '458', '7', '2', '1', '0.30', '3', '1', '0.26', '137', '72', '6', '6', '21', '2', '0', '2', '0', '4', '18']"
400,"['HANNIBAL MEJBRI', '10', '0', '0', '0', '0.00', '0', '0', '0.00', '2', '100', '0', '1', '1', '0', '0', '0', '0', '0', '0']"
401,"['HARIS SEFEROVIC', '68', '1', '0', '0', '0.19', '1', '0', '0.01', '11', '73', '0', '0', '1', '1', '0', '1', '0', '2', '0']"
402,"['HARRY KANE', '404', '10', '6', '1', '1.11', '5', '3', '0.65', '88', '66', '1', '0', '16', '3', '0', '2', '1', '6', '9']"
403,"['HARRY MAGUIRE', '430', '6', '2', '0', '0.37', '0', '0', '0.09', '390', '87', '3', '4', '17', '0', '0', '0', '0', '0', '2']"
404,"['HARRY SOUTTAR', '360', '1', '0', '0', '0.08', '1', '0', '0.05', '163', '83', '0', '6', '17', '0', '0', '0', '0', '0', '0']"
405,PLAYER
406,MINS PLAYED
407,SHOTS
408,SOT
409,GOALS
410,XG
411,CHANCES CREATED
412,ASSISTS
413,XA
414,PASSES
415,PASS %
416,TACKLES WON
417,INT
418,REC
419,SHOT-ENDING
420,GOAL-ENDING
421,CHANCE-CREATING
422,ASSIST
423,TOTAL
424,ATTEMPTS
425,WIN %
426,"['HASSAN AL HAYDOS', '209', '1', '1', '0', '0.01', '2', '0', '0.49', '73', '82', '1', '2', '12', '0', '0', '0', '0', '0', '6']"
427,"['HASSAN TAMBAKTI', '180', '0', '0', '0', '0.00', '0', '0', '0.01', '49', '71', '2', '3', '9', '0', '0', '0', '0', '0', '0']"
428,"['HATTAN BAHBRI', '3', '0', '0', '0', '0.00', '1', '1', '0.05', '7', '56', '0', '0', '1', '0', '0', '0', '0', '0', '0']"
429,"['HENRY MARTÍN', '148', '4', '2', '1', '0.92', '5', '0', '0.21', '16', '69', '1', '2', '4', '0', '0', '0', '0', '0', '1']"
430,"['HIDEMASA MORITA', '285', '3', '1', '0', '0.16', '2', '0', '0.08', '151', '83', '0', '3', '21', '1', '0', '0', '0', '1', '3']"
431,"['HIROKI ITO', '45', '0', '0', '0', '0.00', '1', '0', '0.02', '61', '92', '0', '0', '2', '0', '0', '0', '0', '0', '0']"
432,"['HIROKI SAKAI', '119', '1', '0', '0', '0.53', '1', '0', '0.09', '30', '60', '4', '1', '6', '0', '0', '0', '0', '0', '2']"
433,"['HIRVING LOZANO', '253', '6', '3', '0', '0.19', '7', '0', '0.80', '46', '70', '2', '0', '14', '2', '0', '5', '0', '7', '10']"
434,"['HOMAM AHMED', '263', '0', '0', '0', '0.00', '1', '0', '0.03', '76', '71', '2', '2', '14', '0', '0', '0', '0', '0', '5']"
435,"['HONG CHUL', '45', '0', '0', '0', '0.00', '1', '0', '0.02', '16', '94', '0', '1', '2', '0', '0', '0', '0', '0', '1']"
436,"['HOSSEIN KANANI', '45', '0', '0', '0', '0.00', '0', '0', '0.00', '10', '70', '0', '1', '1', '0', '0', '0', '0', '0', '0']"
437,"['HWANG HEE-CHAN', '114', '6', '5', '1', '0.92', '1', '0', '0.07', '53', '81', '1', '0', '7', '2', '0', '0', '0', '2', '10']"
438,"['HWANG IN-BEOM', '335', '6', '1', '0', '0.23', '3', '0', '0.19', '236', '80', '3', '3', '22', '1', '0', '1', '0', '2', '5']"
439,"['HWANG UI-JO', '104', '1', '0', '0', '0.47', '0', '0', '0.00', '10', '80', '0', '0', '3', '0', '0', '0', '0', '0', '1']"
440,"['HÉCTOR HERRERA', '161', '0', '0', '0', '0.00', '1', '0', '0.16', '72', '85', '3', '3', '7', '0', '0', '0', '0', '0', '1']"
441,"['HÉCTOR MORENO', '270', '1', '0', '0', '0.18', '1', '0', '0.02', '179', '83', '1', '1', '14', '0', '0', '0', '0', '0', '0']"
442,"['IBRAHIMA KONATÉ', '195', '2', '1', '0', '0.37', '0', '0', '0.05', '177', '92', '6', '2', '11', '0', '0', '0', '0', '0', '0']"
443,"['IDRISSA GUEYE', '270', '4', '1', '0', '0.33', '0', '0', '0.07', '107', '92', '1', '5', '15', '0', '0', '0', '0', '0', '2']"
444,"['ILIMAN NDIAYE', '136', '2', '0', '0', '0.13', '1', '1', '0.20', '27', '81', '0', '1', '4', '0', '0', '0', '0', '0', '8']"
445,"['ILKAY GÜNDOGAN', '192', '5', '3', '0', '0.35', '1', '0', '0.30', '163', '90', '1', '1', '18', '1', '0', '0', '0', '1', '4']"
446,"['ISMAEEL MOHAMMAD', '175', '2', '2', '0', '0.41', '1', '1', '0.16', '47', '79', '2', '2', '6', '1', '0', '1', '1', '3', '2']"
447,"['ISMAIL JAKOBS', '279', '1', '0', '0', '0.01', '3', '0', '0.36', '106', '72', '0', '4', '9', '0', '0', '1', '0', '1', '1']"
448,"['ISMAËL KONÉ', '106', '0', '0', '0', '0.00', '1', '0', '0.04', '98', '96', '0', '0', '3', '0', '0', '0', '0', '0', '2']"
449,"['ISMAÏLA SARR', '344', '10', '2', '0', '0.87', '6', '0', '0.49', '70', '67', '2', '2', '17', '3', '0', '5', '0', '8', '19']"
450,PLAYER
451,MINS PLAYED
452,SHOTS
453,SOT
454,GOALS
455,XG
456,CHANCES CREATED
457,ASSISTS
458,XA
459,PASSES
460,PASS %
461,TACKLES WON
462,INT
463,REC
464,SHOT-ENDING
465,GOAL-ENDING
466,CHANCE-CREATING
467,ASSIST
468,TOTAL
469,ATTEMPTS
470,WIN %
471,"['ISSAM JEBALI', '184', '3', '1', '0', '0.53', '2', '0', '0.19', '28', '71', '3', '0', '8', '1', '0', '0', '0', '1', '2']"
472,"['IVAN ILIC', '33', '0', '0', '0', '0.00', '1', '0', '0.00', '19', '95', '0', '1', '3', '0', '0', '1', '0', '1', '0']"
473,"['IVAN PERISIC', '580', '16', '4', '1', '0.91', '6', '2', '0.36', '191', '73', '2', '6', '26', '6', '0', '3', '1', '10', '12']"
474,"['IÑAKI WILLIAMS', '252', '2', '0', '0', '0.29', '2', '1', '0.05', '40', '70', '2', '0', '9', '0', '0', '1', '0', '1', '2']"
475,"['JACK GREALISH', '81', '1', '1', '1', '0.65', '2', '0', '0.24', '53', '89', '1', '3', '6', '0', '0', '1', '0', '1', '9']"
476,"['JACKSON IRVINE', '355', '3', '0', '0', '0.52', '1', '0', '0.11', '119', '81', '2', '3', '11', '0', '0', '0', '0', '0', '2']"
477,"['JACKSON POROZO', '95', '1', '0', '0', '0.05', '0', '0', '0.00', '43', '91', '2', '3', '2', '0', '0', '0', '0', '0', '0']"
478,"['JAKUB KAMINSKI', '233', '4', '2', '0', '0.37', '2', '0', '0.38', '55', '60', '1', '0', '17', '0', '0', '0', '0', '0', '5']"
479,"['JAKUB KIWIOR', '356', '1', '0', '0', '0.03', '0', '0', '0.03', '193', '84', '1', '4', '11', '0', '0', '0', '0', '0', '0']"
480,"['JAMAL MUSIALA', '259', '12', '3', '0', '1.92', '8', '1', '0.85', '103', '82', '1', '1', '19', '6', '0', '5', '0', '11', '36']"
481,"['JAMIE MACLAREN', '52', '0', '0', '0', '0.00', '1', '0', '0.02', '13', '54', '0', '1', '1', '0', '0', '0', '0', '0', '0']"
482,"['JAN BEDNAREK', '4', '0', '0', '0', '0.00', '0', '0', '0.00', '6', '100', '0', '0', '1', '0', '0', '0', '0', '0', '0']"
483,"['JAN VERTONGHEN', '270', '2', '0', '0', '0.17', '0', '0', '0.02', '263', '89', '0', '5', '16', '0', '0', '0', '0', '0', '0']"
484,"['JASON CUMMINGS', '34', '0', '0', '0', '0.00', '0', '0', '0.00', '4', '50', '0', '0', '1', '0', '0', '0', '0', '0', '1']"
485,"['JAWAD EL YAMIQ', '151', '0', '0', '0', '0.00', '0', '0', '0.00', '31', '74', '1', '2', '6', '0', '0', '0', '0', '0', '0']"
486,"['JEAN-CHARLES CASTELLETTO', '180', '1', '1', '1', '0.95', '1', '1', '0.25', '74', '84', '3', '6', '9', '0', '0', '1', '1', '2', '1']"
487,"['JEONG WOO-YEONG', '45', '1', '0', '0', '0.03', '0', '0', '0.04', '12', '92', '0', '0', '1', '0', '0', '0', '0', '0', '1']"
488,"['JEREMY SARMIENTO', '83', '1', '1', '0', '0.07', '2', '0', '0.05', '30', '67', '1', '1', '6', '0', '0', '0', '0', '0', '6']"
489,"['JEROME NGOM MBEKELI', '4', '0', '0', '0', '0.00', '1', '1', '0.11', '0', '0', '0', '0', '0', '0', '0', '1', '1', '2', '0']"
490,"['JESPER LINDSTRØM', '200', '3', '1', '0', '0.32', '0', '0', '0.03', '46', '74', '1', '1', '8', '1', '0', '0', '0', '1', '13']"
491,"['JESÚS FERREIRA', '45', '0', '0', '0', '0.00', '0', '0', '0.01', '18', '83', '0', '0', '1', '0', '0', '0', '0', '0', '1']"
492,"['JESÚS GALLARDO', '270', '1', '0', '0', '0.12', '0', '0', '0.10', '100', '71', '5', '1', '14', '0', '0', '0', '0', '0', '4']"
493,"['JEWISON BENNETTE', '102', '1', '0', '0', '0.04', '0', '0', '0.01', '12', '83', '0', '0', '4', '0', '0', '0', '0', '0', '6']"
494,"['JHEGSON MÉNDEZ', '180', '0', '0', '0', '0.00', '2', '0', '0.12', '134', '93', '2', '1', '16', '0', '0', '1', '0', '1', '1']"
495,PLAYER
496,MINS PLAYED
497,SHOTS
498,SOT
499,GOALS
500,XG
501,CHANCES CREATED
502,ASSISTS
503,XA
504,PASSES
505,PASS %
506,TACKLES WON
507,INT
508,REC
509,SHOT-ENDING
510,GOAL-ENDING
511,CHANCE-CREATING
512,ASSIST
513,TOTAL
514,ATTEMPTS
515,WIN %
516,"['JOAKIM MAEHLE', '250', '2', '0', '0', '0.04', '1', '0', '0.11', '116', '80', '5', '2', '10', '1', '0', '0', '0', '1', '10']"
517,"['JOE ALLEN', '94', '2', '0', '0', '0.10', '1', '0', '0.00', '34', '82', '1', '1', '9', '1', '0', '0', '0', '1', '0']"
518,"['JOE MORRELL', '32', '0', '0', '0', '0.00', '0', '0', '0.00', '14', '86', '2', '1', '4', '0', '0', '0', '0', '0', '0']"
519,"['JOE RODON', '270', '0', '0', '0', '0.00', '0', '0', '0.01', '167', '90', '2', '4', '10', '0', '0', '0', '0', '0', '0']"
520,"['JOEL CAMPBELL', '269', '1', '0', '0', '0.01', '1', '0', '0.08', '113', '79', '5', '0', '14', '0', '0', '0', '0', '0', '14']"
521,"['JOHAN VENEGAS', '74', '0', '0', '0', '0.00', '0', '0', '0.00', '12', '83', '0', '0', '1', '0', '0', '0', '0', '0', '1']"
522,"['JOHN STONES', '436', '4', '1', '0', '0.36', '1', '0', '0.08', '451', '96', '2', '1', '17', '0', '0', '1', '0', '1', '2']"
523,"['JONAS HOFMANN', '28', '1', '1', '0', '0.27', '1', '0', '0.02', '19', '79', '0', '0', '0', '0', '0', '0', '0', '0', '1']"
524,"['JONATHAN DAVID', '192', '8', '1', '0', '1.09', '0', '0', '0.04', '53', '66', '1', '0', '5', '0', '0', '0', '0', '0', '4']"
525,"['JONATHAN OSORIO', '119', '1', '0', '0', '0.06', '0', '0', '0.02', '55', '91', '1', '1', '5', '1', '0', '0', '0', '1', '2']"
526,"['JORDAN AYEW', '136', '1', '1', '0', '0.05', '1', '1', '0.20', '33', '88', '3', '1', '8', '1', '0', '0', '0', '1', '8']"
527,"['JORDAN HENDERSON', '272', '2', '1', '1', '0.16', '2', '0', '1.35', '147', '87', '2', '1', '12', '0', '0', '1', '0', '1', '4']"
528,"['JORDAN MORRIS', '3', '0', '0', '0', '0.00', '0', '0', '0.00', '2', '50', '0', '0', '0', '0', '0', '0', '0', '0', '0']"
529,"['JORDAN VERETOUT', '63', '0', '0', '0', '0.00', '0', '0', '0.01', '35', '91', '0', '0', '1', '0', '0', '0', '0', '0', '0']"
530,"['JORDI ALBA', '266', '2', '0', '0', '0.04', '4', '2', '0.66', '316', '91', '4', '3', '20', '1', '0', '0', '0', '1', '3']"
531,"['JORGE SÁNCHEZ', '176', '1', '1', '0', '0.02', '0', '0', '0.03', '60', '78', '0', '3', '6', '0', '0', '0', '0', '0', '4']"
532,"['JOSH SARGENT', '158', '4', '1', '0', '0.37', '1', '0', '0.09', '30', '90', '0', '1', '1', '1', '0', '0', '0', '1', '2']"
533,"['JOSHUA KIMMICH', '270', '7', '4', '0', '0.36', '6', '0', '1.20', '231', '91', '2', '3', '19', '0', '0', '0', '0', '0', '4']"
534,"['JOSIP JURANOVIC', '600', '1', '0', '0', '0.03', '6', '1', '0.29', '312', '84', '8', '3', '40', '0', '0', '1', '0', '1', '4']"
535,"['JOSKO GVARDIOL', '600', '1', '0', '0', '0.09', '1', '0', '0.28', '439', '90', '6', '8', '43', '0', '0', '1', '0', '1', '2']"
536,"['JOSÉ CIFUENTES', '58', '1', '1', '0', '0.02', '0', '0', '0.01', '40', '78', '2', '0', '3', '1', '0', '0', '0', '1', '0']"
537,"['JOSÉ GIMÉNEZ', '270', '3', '0', '0', '0.17', '0', '0', '0.35', '163', '82', '1', '7', '13', '0', '0', '0', '0', '0', '0']"
538,"['JOÃO CANCELO', '309', '2', '1', '0', '0.04', '0', '0', '0.18', '225', '82', '3', '2', '24', '1', '0', '0', '0', '1', '11']"
539,"['JOÃO FÉLIX', '333', '11', '3', '1', '0.86', '3', '2', '0.18', '115', '77', '2', '1', '9', '4', '1', '0', '0', '5', '9']"
540,PLAYER
541,MINS PLAYED
542,SHOTS
543,SOT
544,GOALS
545,XG
546,CHANCES CREATED
547,ASSISTS
548,XA
549,PASSES
550,PASS %
551,TACKLES WON
552,INT
553,REC
554,SHOT-ENDING
555,GOAL-ENDING
556,CHANCE-CREATING
557,ASSIST
558,TOTAL
559,ATTEMPTS
560,WIN %
561,"['JOÃO PALHINHA', '35', '1', '0', '0', '0.03', '2', '0', '0.04', '30', '83', '1', '1', '5', '0', '0', '0', '0', '0', '2']"
562,"['JUAN FOYTH', '4', '0', '0', '0', '0.00', '0', '0', '0.00', '3', '67', '0', '0', '0', '0', '0', '0', '0', '0', '1']"
563,"['JUAN PABLO VARGAS', '90', '2', '2', '1', '0.24', '0', '0', '0.00', '18', '78', '3', '2', '5', '0', '0', '0', '0', '0', '0']"
564,"['JUDE BELLINGHAM', '415', '5', '3', '1', '0.56', '4', '1', '0.50', '254', '90', '15', '5', '31', '0', '0', '2', '1', '3', '13']"
565,"['JULES KOUNDÉ', '270', '3', '2', '0', '0.17', '1', '0', '0.04', '161', '82', '3', '3', '14', '0', '0', '0', '0', '0', '3']"
566,"['JULIÁN ÁLVAREZ', '364', '10', '7', '4', '2.57', '1', '0', '0.66', '83', '76', '2', '0', '16', '4', '0', '1', '0', '5', '3']"
567,"['JUNG WOO-YOUNG', '304', '1', '0', '0', '0.03', '2', '0', '0.11', '207', '86', '4', '3', '24', '1', '0', '1', '0', '2', '0']"
568,"['JUNIOR HOILETT', '162', '4', '0', '0', '0.14', '2', '0', '0.27', '42', '83', '4', '1', '8', '1', '0', '1', '0', '2', '7']"
569,"['JUNYA ITO', '323', '2', '1', '0', '0.17', '4', '1', '0.07', '70', '66', '4', '5', '17', '1', '0', '0', '0', '1', '8']"
570,"['JURRIËN TIMBER', '390', '0', '0', '0', '0.00', '0', '0', '0.06', '300', '90', '6', '10', '30', '0', '0', '0', '0', '0', '6']"
571,"['JÉRÉMY DOKU', '18', '0', '0', '0', '0.00', '0', '0', '0.03', '11', '73', '0', '0', '0', '0', '0', '0', '0', '0', '4']"
572,"['KAI HAVERTZ', '103', '5', '3', '2', '1.36', '2', '0', '0.50', '30', '80', '1', '1', '3', '0', '0', '0', '0', '0', '0']"
573,"['KALIDOU KOULIBALY', '360', '2', '1', '1', '0.49', '1', '0', '0.04', '185', '75', '9', '2', '28', '0', '0', '1', '0', '1', '0']"
574,"['KALVIN PHILLIPS', '40', '0', '0', '0', '0.00', '1', '1', '0.01', '19', '89', '0', '0', '1', '0', '0', '0', '0', '0', '0']"
575,"['KAMAL MILLER', '270', '0', '0', '0', '0.00', '0', '0', '0.03', '194', '91', '4', '4', '14', '0', '0', '0', '0', '0', '2']"
576,"['KAMALDEEN SULEMANA', '57', '1', '1', '0', '0.06', '0', '0', '0.03', '15', '67', '0', '0', '0', '0', '0', '0', '0', '0', '5']"
577,"['KAMIL GLIK', '360', '3', '0', '0', '0.23', '0', '0', '0.01', '125', '90', '1', '3', '11', '0', '0', '0', '0', '0', '0']"
578,"['KAMIL GROSICKI', '3', '0', '0', '0', '0.00', '1', '0', '0.11', '3', '100', '0', '0', '0', '0', '0', '0', '0', '0', '1']"
579,"['KAORU MITOMA', '162', '1', '1', '0', '0.08', '3', '1', '0.44', '57', '72', '2', '2', '17', '0', '0', '1', '0', '1', '5']"
580,"['KARIM ANSARIFARD', '35', '1', '0', '0', '0.07', '1', '0', '0.04', '5', '80', '0', '1', '0', '0', '0', '0', '0', '0', '0']"
581,"['KARIM BOUDIAF', '185', '0', '0', '0', '0.00', '0', '0', '0.02', '103', '88', '1', '0', '12', '0', '0', '0', '0', '0', '3']"
582,"['KARL TOKO-EKAMBI', '167', '2', '1', '0', '0.18', '2', '0', '0.31', '50', '84', '1', '2', '8', '1', '0', '1', '0', '2', '4']"
583,"['KAROL SWIDERSKI', '45', '0', '0', '0', '0.00', '0', '0', '0.01', '6', '100', '1', '2', '3', '0', '0', '0', '0', '0', '0']"
584,"['KASPER DOLBERG', '113', '3', '1', '0', '0.40', '1', '0', '0.04', '14', '79', '1', '0', '3', '0', '0', '0', '0', '0', '3']"
585,PLAYER
586,MINS PLAYED
587,SHOTS
588,SOT
589,GOALS
590,XG
591,CHANCES CREATED
592,ASSISTS
593,XA
594,PASSES
595,PASS %
596,TACKLES WON
597,INT
598,REC
599,SHOT-ENDING
600,GOAL-ENDING
601,CHANCE-CREATING
602,ASSIST
603,TOTAL
604,ATTEMPTS
605,WIN %
606,"['KELLYN ACOSTA', '40', '0', '0', '0', '0.00', '0', '0', '0.01', '12', '83', '2', '0', '2', '0', '0', '0', '0', '0', '0']"
607,"['KENDALL WASTON', '225', '1', '1', '0', '0.15', '0', '0', '0.00', '69', '83', '4', '5', '10', '0', '0', '0', '0', '0', '0']"
608,"['KENNETH TAYLOR', '4', '0', '0', '0', '0.00', '0', '0', '0.01', '8', '100', '0', '0', '0', '0', '0', '0', '0', '0', '0']"
609,"['KEVIN DE BRUYNE', '270', '7', '2', '0', '0.23', '6', '0', '0.61', '109', '73', '1', '0', '11', '4', '0', '3', '0', '7', '8']"
610,"['KEVIN RODRÍGUEZ', '2', '2', '1', '0', '0.09', '0', '0', '0.00', '1', '0', '0', '0', '0', '0', '0', '0', '0', '0', '0']"
611,"['KEVIN ÁLVAREZ', '70', '0', '0', '0', '0.00', '0', '0', '0.01', '19', '63', '0', '1', '4', '0', '0', '0', '0', '0', '3']"
612,"['KEYSHER FULLER', '254', '3', '2', '1', '0.38', '1', '0', '0.12', '53', '70', '4', '3', '11', '0', '0', '0', '0', '0', '2']"
613,"['KIEFFER MOORE', '225', '6', '2', '0', '1.03', '4', '0', '0.09', '56', '64', '0', '2', '7', '1', '0', '0', '0', '1', '1']"
614,"['KIERAN TRIPPIER', '205', '1', '0', '0', '0.05', '0', '0', '0.09', '154', '86', '4', '1', '11', '0', '0', '0', '0', '0', '1']"
615,"['KIM JIN-SU', '315', '4', '1', '0', '0.33', '5', '1', '0.65', '99', '77', '5', '3', '12', '0', '0', '0', '0', '0', '2']"
616,"['KIM MIN-JAE', '269', '2', '0', '0', '0.10', '0', '0', '0.05', '189', '88', '1', '2', '14', '0', '0', '0', '0', '0', '1']"
617,"['KIM MOON-HWAN', '360', '0', '0', '0', '0.00', '3', '0', '0.25', '182', '87', '4', '4', '16', '0', '0', '1', '0', '1', '4']"
618,"['KIM YOUNG-GWON', '351', '2', '1', '1', '0.75', '3', '0', '0.15', '200', '87', '2', '3', '13', '0', '0', '1', '0', '1', '0']"
619,"['KINGSLEY COMAN', '116', '1', '0', '0', '0.16', '1', '0', '0.17', '51', '92', '0', '2', '5', '1', '0', '1', '0', '2', '9']"
620,"['KO ITAKURA', '270', '3', '1', '0', '0.15', '0', '0', '0.02', '109', '88', '5', '4', '13', '0', '0', '0', '0', '0', '3']"
621,"['KOKE', '50', '0', '0', '0', '0.00', '0', '0', '0.02', '60', '93', '1', '0', '2', '0', '0', '0', '0', '0', '0']"
622,"['KRYSTIAN BIELIK', '216', '2', '0', '0', '0.17', '0', '0', '0.05', '96', '86', '3', '5', '10', '0', '0', '0', '0', '0', '3']"
623,"['KRZYSZTOF PIATEK', '26', '1', '0', '0', '0.03', '0', '0', '0.00', '6', '33', '0', '0', '1', '0', '0', '0', '0', '0', '0']"
624,"['KRÉPIN DIATTA', '182', '3', '1', '0', '0.13', '3', '0', '0.17', '68', '84', '0', '0', '11', '2', '0', '2', '0', '4', '3']"
625,"['KWON CHANG-HOON', '57', '0', '0', '0', '0.00', '1', '0', '0.22', '21', '76', '0', '0', '3', '0', '0', '0', '0', '0', '0']"
626,"['KWON KYUNG-WON', '91', '1', '0', '0', '0.02', '0', '0', '0.01', '41', '90', '0', '2', '2', '1', '0', '0', '0', '1', '0']"
627,"['KYE ROWLES', '360', '0', '0', '0', '0.00', '0', '0', '0.01', '180', '88', '2', '7', '12', '0', '0', '0', '0', '0', '0']"
628,"['KYLE WALKER', '237', '0', '0', '0', '0.00', '0', '0', '0.08', '152', '91', '1', '3', '10', '0', '0', '0', '0', '0', '4']"
629,"['KYLIAN MBAPPÉ', '387', '22', '10', '5', '2.82', '9', '2', '1.15', '161', '83', '0', '0', '12', '5', '1', '6', '1', '13', '36']"
630,PLAYER
631,MINS PLAYED
632,SHOTS
633,SOT
634,GOALS
635,XG
636,CHANCES CREATED
637,ASSISTS
638,XA
639,PASSES
640,PASS %
641,TACKLES WON
642,INT
643,REC
644,SHOT-ENDING
645,GOAL-ENDING
646,CHANCE-CREATING
647,ASSIST
648,TOTAL
649,ATTEMPTS
650,WIN %
651,"['LEANDER DENDONCKER', '162', '1', '0', '0', '0.08', '1', '0', '0.33', '119', '97', '3', '0', '6', '0', '0', '1', '0', '1', '1']"
652,"['LEANDRO PAREDES', '206', '1', '1', '0', '0.03', '1', '0', '0.11', '218', '93', '3', '3', '15', '0', '0', '0', '0', '0', '1']"
653,"['LEANDRO TROSSARD', '102', '0', '0', '0', '0.00', '2', '0', '0.03', '54', '78', '1', '0', '7', '0', '0', '0', '0', '0', '5']"
654,"['LEE JAE-SUNG', '214', '1', '0', '0', '0.02', '2', '0', '0.06', '96', '88', '2', '3', '7', '0', '0', '0', '0', '0', '3']"
655,"['LEE KANG-IN', '145', '5', '1', '0', '0.16', '4', '1', '0.27', '62', '94', '3', '0', '6', '2', '0', '1', '0', '3', '2']"
656,"['LEON GORETZKA', '158', '4', '1', '0', '0.45', '1', '0', '0.14', '54', '78', '3', '1', '12', '0', '0', '0', '0', '0', '1']"
657,"['LEROY SANÉ', '110', '3', '0', '0', '0.12', '4', '1', '1.86', '56', '82', '1', '0', '6', '2', '0', '2', '0', '4', '7']"
658,"['LIAM MILLAR', '9', '0', '0', '0', '0.00', '0', '0', '0.00', '6', '50', '0', '0', '0', '0', '0', '0', '0', '0', '0']"
659,"['LIONEL MESSI', '570', '25', '13', '2', '1.59', '14', '2', '1.39', '273', '84', '2', '0', '16', '9', '0', '5', '1', '15', '38']"
660,"['LISANDRO MARTÍNEZ', '301', '1', '0', '0', '0.12', '1', '0', '0.03', '145', '86', '2', '3', '6', '0', '0', '0', '0', '0', '1']"
661,"['LOVRO MAJER', '61', '4', '2', '1', '0.70', '0', '0', '0.03', '61', '87', '1', '0', '7', '2', '0', '0', '0', '2', '1']"
662,"['LOÏS OPENDA', '12', '0', '0', '0', '0.00', '0', '0', '0.00', '4', '75', '0', '0', '1', '0', '0', '0', '0', '0', '1']"
663,"['LUCAS CAVALLINI', '18', '0', '0', '0', '0.00', '0', '0', '0.08', '1', '100', '0', '0', '0', '0', '0', '0', '0', '0', '0']"
664,"['LUCAS HERNÁNDEZ', '13', '0', '0', '0', '0.00', '0', '0', '0.00', '9', '56', '1', '0', '1', '0', '0', '0', '0', '0', '0']"
665,"['LUCAS PAQUETÁ', '315', '4', '4', '1', '0.83', '6', '1', '0.63', '189', '85', '5', '2', '13', '0', '0', '0', '0', '0', '2']"
666,"['LUIS CHÁVEZ', '270', '10', '4', '1', '0.29', '2', '0', '0.50', '114', '78', '0', '1', '15', '3', '0', '2', '0', '5', '6']"
667,"['LUIS SUÁREZ', '147', '2', '1', '0', '0.42', '1', '1', '0.12', '37', '59', '0', '0', '3', '1', '0', '0', '0', '1', '3']"
668,"['LUKA JOVIC', '35', '2', '0', '0', '0.05', '2', '0', '0.06', '9', '56', '0', '1', '0', '0', '0', '0', '0', '0', '0']"
669,"['LUKA MODRIC', '566', '5', '3', '0', '0.30', '4', '0', '0.55', '423', '88', '9', '8', '45', '2', '0', '3', '0', '5', '13']"
670,"['LUKAS KLOSTERMANN', '65', '0', '0', '0', '0.00', '0', '0', '0.05', '42', '100', '1', '0', '6', '0', '0', '0', '0', '0', '0']"
671,"['LUKE SHAW', '425', '3', '1', '0', '0.10', '7', '1', '0.77', '333', '86', '1', '4', '21', '1', '0', '1', '0', '2', '2']"
672,"['LUUK DE JONG', '56', '1', '0', '0', '0.08', '0', '0', '0.01', '10', '60', '1', '0', '2', '0', '0', '0', '0', '0', '1']"
673,"['MAJID HOSSEINI', '270', '0', '0', '0', '0.00', '0', '0', '0.01', '100', '80', '4', '6', '22', '0', '0', '0', '0', '0', '0']"
674,"['MANUEL AKANJI', '360', '4', '1', '1', '1.10', '1', '0', '0.07', '245', '88', '2', '3', '18', '0', '0', '0', '0', '0', '0']"
675,PLAYER
676,MINS PLAYED
677,SHOTS
678,SOT
679,GOALS
680,XG
681,CHANCES CREATED
682,ASSISTS
683,XA
684,PASSES
685,PASS %
686,TACKLES WON
687,INT
688,REC
689,SHOT-ENDING
690,GOAL-ENDING
691,CHANCE-CREATING
692,ASSIST
693,TOTAL
694,ATTEMPTS
695,WIN %
696,"['MARCO ASENSIO', '231', '10', '2', '1', '1.21', '1', '0', '0.14', '105', '80', '1', '0', '3', '6', '0', '0', '0', '6', '3']"
697,"['MARCOS ACUÑA', '318', '2', '0', '0', '0.08', '1', '0', '0.10', '148', '82', '6', '2', '12', '1', '0', '1', '0', '2', '7']"
698,"['MARCOS LLORENTE', '120', '1', '0', '0', '0.02', '0', '0', '0.02', '87', '91', '0', '0', '9', '0', '0', '0', '0', '0', '1']"
699,"['MARCUS RASHFORD', '137', '11', '6', '3', '1.61', '0', '0', '0.04', '64', '75', '0', '1', '8', '3', '2', '0', '0', '5', '9']"
700,"['MARCUS THURAM', '43', '0', '0', '0', '0.00', '1', '1', '0.02', '10', '80', '0', '0', '3', '0', '0', '0', '0', '0', '3']"
701,"['MARIO GÖTZE', '34', '1', '1', '0', '0.09', '2', '0', '0.12', '21', '90', '0', '0', '0', '0', '0', '0', '0', '0', '2']"
702,"['MARIO PASALIC', '244', '3', '0', '0', '0.27', '1', '0', '0.23', '84', '81', '4', '3', '16', '0', '0', '0', '0', '0', '3']"
703,"['MARK-ANTHONY KAYE', '60', '1', '0', '0', '0.04', '0', '0', '0.01', '59', '83', '1', '0', '4', '0', '0', '0', '0', '0', '0']"
704,"['MARKO GRUJIC', '11', '1', '1', '0', '0.04', '0', '0', '0.01', '16', '81', '1', '0', '2', '0', '0', '0', '0', '0', '1']"
705,"['MARKO LIVAJA', '176', '5', '4', '1', '0.76', '1', '0', '0.06', '41', '56', '2', '1', '5', '0', '0', '0', '0', '0', '1']"
706,"['MARQUINHOS', '426', '2', '0', '0', '0.16', '4', '0', '1.13', '354', '96', '4', '2', '28', '0', '0', '1', '0', '1', '2']"
707,"['MARTEN DE ROON', '185', '0', '0', '0', '0.00', '0', '0', '0.03', '115', '82', '5', '2', '8', '0', '0', '0', '0', '0', '0']"
708,"['MARTIN BRAITHWAITE', '104', '1', '0', '0', '0.07', '3', '0', '0.06', '19', '68', '0', '0', '1', '0', '0', '0', '0', '0', '2']"
709,"['MARTIN HONGLA', '123', '1', '1', '0', '0.05', '2', '0', '0.10', '59', '83', '0', '2', '3', '0', '0', '1', '0', '1', '3']"
710,"['MARTÍN CÁCERES', '90', '0', '0', '0', '0.00', '0', '0', '0.01', '66', '85', '0', '0', '3', '0', '0', '0', '0', '0', '1']"
711,"['MASON MOUNT', '186', '4', '1', '0', '0.21', '1', '0', '0.05', '67', '87', '2', '0', '7', '1', '0', '0', '0', '1', '3']"
712,"['MATEO KOVACIC', '548', '2', '1', '0', '0.09', '8', '0', '1.18', '376', '91', '14', '4', '38', '0', '0', '4', '0', '4', '17']"
713,"['MATHEUS NUNES', '73', '1', '0', '0', '0.02', '1', '0', '0.03', '29', '93', '0', '0', '0', '1', '0', '1', '0', '2', '2']"
714,"['MATHEW LECKIE', '336', '1', '1', '1', '0.15', '2', '1', '0.05', '97', '68', '4', '1', '15', '1', '1', '0', '0', '2', '12']"
715,"['MATHIAS JENSEN', '84', '2', '1', '0', '0.11', '3', '0', '0.09', '61', '82', '0', '0', '5', '1', '0', '1', '0', '2', '1']"
716,"['MATHÍAS OLIVERA', '255', '2', '0', '0', '0.09', '5', '0', '0.52', '101', '74', '5', '2', '15', '1', '0', '0', '0', '1', '3']"
717,"['MATTHIAS GINTER', '1', '0', '0', '0', '0.00', '0', '0', '0.00', '3', '100', '0', '0', '0', '0', '0', '0', '0', '0', '0']"
718,"['MATTHIJS DE LIGT', '91', '0', '0', '0', '0.00', '0', '0', '0.01', '43', '91', '0', '0', '3', '0', '0', '0', '0', '0', '0']"
719,"['MATTY CASH', '360', '1', '0', '0', '0.04', '2', '0', '0.47', '118', '80', '3', '0', '10', '0', '0', '1', '0', '1', '5']"
720,PLAYER
721,MINS PLAYED
722,SHOTS
723,SOT
724,GOALS
725,XG
726,CHANCES CREATED
727,ASSISTS
728,XA
729,PASSES
730,PASS %
731,TACKLES WON
732,INT
733,REC
734,SHOT-ENDING
735,GOAL-ENDING
736,CHANCE-CREATING
737,ASSIST
738,TOTAL
739,ATTEMPTS
740,WIN %
741,"['MATÍAS VECINO', '196', '1', '1', '0', '0.10', '0', '0', '0.03', '104', '72', '3', '4', '18', '0', '0', '0', '0', '0', '0']"
742,"['MATÍAS VIÑA', '15', '0', '0', '0', '0.00', '0', '0', '0.00', '15', '47', '3', '0', '1', '0', '0', '0', '0', '0', '1']"
743,"['MAXIMILIANO GÓMEZ', '28', '2', '1', '0', '0.09', '0', '0', '0.03', '7', '71', '0', '0', '0', '1', '0', '0', '0', '1', '0']"
744,"['MAYA YOSHIDA', '390', '0', '0', '0', '0.00', '1', '1', '0.03', '227', '85', '4', '3', '30', '0', '0', '0', '0', '0', '2']"
745,"['MEHDI TAREMI', '270', '5', '3', '1', '0.55', '9', '1', '0.08', '71', '72', '3', '2', '13', '1', '0', '2', '1', '4', '10']"
746,"['MEHDI TORABI', '59', '2', '0', '0', '0.12', '3', '0', '0.20', '35', '83', '0', '2', '6', '0', '0', '0', '0', '0', '2']"
747,"['MEMPHIS DEPAY', '300', '10', '5', '1', '1.47', '3', '0', '0.44', '111', '76', '1', '1', '10', '2', '0', '0', '0', '2', '13']"
748,"['MICHAEL ESTRADA', '227', '3', '0', '0', '0.31', '1', '0', '0.36', '48', '57', '0', '0', '5', '0', '0', '1', '0', '1', '3']"
749,"['MICHAL SKÓRAS', '45', '1', '0', '0', '0.02', '0', '0', '0.00', '9', '89', '0', '1', '1', '0', '0', '0', '0', '0', '1']"
750,"['MICHEL AEBISCHER', '14', '0', '0', '0', '0.00', '0', '0', '0.00', '4', '50', '0', '0', '0', '0', '0', '0', '0', '0', '0']"
751,"['MICHY BATSHUAYI', '153', '6', '2', '1', '0.76', '1', '0', '0.02', '22', '64', '0', '0', '4', '0', '0', '0', '0', '0', '3']"
752,"['MIKI YAMANE', '62', '0', '0', '0', '0.00', '1', '0', '0.15', '26', '77', '0', '2', '5', '0', '0', '0', '0', '0', '1']"
753,"['MIKKEL DAMSGAARD', '149', '0', '0', '0', '0.00', '2', '0', '0.23', '69', '77', '2', '2', '10', '0', '0', '0', '0', '0', '2']"
754,"['MILAD MOHAMMADI', '198', '0', '0', '0', '0.00', '0', '0', '0.01', '54', '63', '3', '1', '11', '0', '0', '0', '0', '0', '2']"
755,"['MILOS DEGENEK', '182', '0', '0', '0', '0.00', '0', '0', '0.01', '70', '71', '4', '1', '15', '0', '0', '0', '0', '0', '2']"
756,"['MILOS VELJKOVIC', '223', '0', '0', '0', '0.00', '0', '0', '0.01', '111', '87', '1', '0', '12', '0', '0', '0', '0', '0', '0']"
757,"['MISLAV ORSIC', '71', '4', '1', '0', '0.18', '4', '2', '0.33', '24', '83', '0', '0', '1', '1', '0', '1', '1', '3', '3']"
758,"['MITCHELL DUKE', '274', '7', '4', '1', '0.36', '1', '0', '0.02', '59', '56', '0', '2', '11', '1', '0', '0', '0', '1', '3']"
759,"['MOHAMED ALI BEN ROMDHANE', '74', '0', '0', '0', '0.00', '0', '0', '0.01', '20', '70', '4', '0', '10', '0', '0', '0', '0', '0', '4']"
760,"['MOHAMED DRÄGER', '133', '4', '0', '0', '0.20', '1', '0', '0.08', '30', '63', '3', '1', '2', '0', '0', '1', '0', '1', '2']"
761,"['MOHAMMED AL BURAYK', '66', '2', '1', '0', '0.37', '1', '0', '0.08', '41', '85', '0', '1', '3', '1', '0', '0', '0', '1', '0']"
762,"['MOHAMMED KANNO', '270', '6', '1', '0', '0.29', '0', '0', '0.11', '142', '80', '2', '2', '19', '1', '0', '0', '0', '1', '10']"
763,"['MOHAMMED KUDUS', '249', '8', '4', '2', '0.83', '0', '0', '0.05', '75', '75', '4', '1', '22', '3', '0', '0', '0', '3', '16']"
764,"['MOHAMMED MUNTARI', '60', '3', '1', '1', '0.21', '1', '0', '0.00', '19', '89', '2', '0', '4', '1', '0', '0', '0', '1', '0']"
765,PLAYER
766,MINS PLAYED
767,SHOTS
768,SOT
769,GOALS
770,XG
771,CHANCES CREATED
772,ASSISTS
773,XA
774,PASSES
775,PASS %
776,TACKLES WON
777,INT
778,REC
779,SHOT-ENDING
780,GOAL-ENDING
781,CHANCE-CREATING
782,ASSIST
783,TOTAL
784,ATTEMPTS
785,WIN %
786,"['MOHAMMED WAAD', '26', '0', '0', '0', '0.00', '0', '0', '0.00', '11', '73', '0', '1', '1', '0', '0', '0', '0', '0', '1']"
787,"['MOISÉS CAICEDO', '269', '3', '1', '1', '0.52', '0', '0', '0.04', '149', '82', '5', '2', '14', '0', '0', '0', '0', '0', '0']"
788,"['MONTASSAR TALBI', '270', '1', '1', '0', '0.02', '0', '0', '0.05', '133', '87', '2', '2', '16', '0', '0', '0', '0', '0', '1']"
789,"['MORTEZA POURALIGANJI', '270', '2', '0', '0', '0.08', '2', '0', '0.18', '120', '73', '2', '6', '16', '0', '0', '0', '0', '0', '0']"
790,"['MOUMI NGAMALEU', '95', '0', '0', '0', '0.00', '1', '0', '0.14', '23', '83', '1', '0', '5', '0', '0', '1', '0', '1', '5']"
791,"['MUSAAB KHIDIR', '5', '0', '0', '0', '0.00', '0', '0', '0.00', '1', '100', '1', '0', '0', '0', '0', '0', '0', '0', '0']"
792,"['NA SANG-HO', '120', '1', '1', '0', '0.03', '3', '0', '0.05', '28', '79', '1', '0', '5', '0', '0', '0', '0', '0', '6']"
793,"['NADER GHANDRI', '90', '0', '0', '0', '0.00', '0', '0', '0.00', '32', '81', '2', '1', '2', '0', '0', '0', '0', '0', '0']"
794,"['NAHUEL MOLINA', '478', '2', '1', '1', '0.47', '3', '1', '0.27', '247', '83', '3', '2', '15', '0', '0', '0', '0', '0', '3']"
795,"['NAMPALYS MENDY', '273', '2', '0', '0', '0.06', '1', '0', '0.06', '154', '89', '4', '3', '18', '1', '0', '0', '0', '1', '1']"
796,"['NASSER AL DAWSARI', '4', '0', '0', '0', '0.00', '1', '0', '0.07', '10', '100', '1', '0', '1', '0', '0', '0', '0', '0', '0']"
797,"['NATHAN AKÉ', '479', '0', '0', '0', '0.00', '0', '0', '0.05', '334', '90', '3', '8', '21', '0', '0', '0', '0', '0', '2']"
798,"['NATHANIEL ATKINSON', '85', '0', '0', '0', '0.00', '0', '0', '0.00', '24', '75', '3', '1', '6', '0', '0', '0', '0', '0', '2']"
799,"['NAWAF AL ABID', '87', '2', '0', '0', '0.13', '1', '0', '0.04', '36', '89', '0', '1', '2', '0', '0', '0', '0', '0', '3']"
800,"['NAYEF AGUERD', '354', '1', '0', '0', '0.17', '1', '0', '0.01', '148', '88', '2', '4', '18', '0', '0', '0', '0', '0', '0']"
801,"['NAÏM SLITI', '113', '1', '0', '0', '0.14', '2', '0', '0.10', '34', '74', '1', '0', '8', '1', '0', '0', '0', '1', '8']"
802,"['NECO WILLIAMS', '205', '3', '0', '0', '0.09', '1', '0', '0.03', '70', '66', '3', '4', '16', '1', '0', '0', '0', '1', '8']"
803,"['NEMANJA GUDELJ', '92', '0', '0', '0', '0.00', '0', '0', '0.01', '51', '84', '2', '2', '6', '0', '0', '0', '0', '0', '0']"
804,"['NEMANJA MAKSIMOVIC', '120', '0', '0', '0', '0.00', '3', '0', '0.13', '53', '87', '2', '3', '6', '0', '0', '1', '0', '1', '0']"
805,"['NEMANJA RADONJIC', '57', '2', '0', '0', '0.10', '1', '0', '0.04', '14', '71', '0', '0', '6', '1', '0', '0', '0', '1', '5']"
806,"['NEYMAR', '281', '11', '7', '1', '1.93', '4', '1', '0.18', '131', '79', '0', '1', '11', '2', '0', '1', '0', '3', '25']"
807,"['NICLAS FÜLLKRUG', '66', '8', '3', '2', '2.19', '1', '1', '0.20', '21', '56', '0', '0', '2', '0', '0', '0', '0', '0', '1']"
808,"['NICO ELVEDI', '180', '1', '0', '0', '0.08', '0', '0', '0.02', '139', '92', '0', '1', '15', '0', '0', '0', '0', '0', '0']"
809,"['NICO SCHLOTTERBECK', '93', '0', '0', '0', '0.00', '2', '0', '0.08', '116', '91', '3', '1', '10', '0', '0', '1', '0', '1', '2']"
810,PLAYER
811,MINS PLAYED
812,SHOTS
813,SOT
814,GOALS
815,XG
816,CHANCES CREATED
817,ASSISTS
818,XA
819,PASSES
820,PASS %
821,TACKLES WON
822,INT
823,REC
824,SHOT-ENDING
825,GOAL-ENDING
826,CHANCE-CREATING
827,ASSIST
828,TOTAL
829,ATTEMPTS
830,WIN %
831,"['NICOLA ZALEWSKI', '64', '0', '0', '0', '0.00', '0', '0', '0.02', '15', '87', '0', '0', '5', '0', '0', '0', '0', '0', '2']"
832,"['NICOLAS JACKSON', '17', '0', '0', '0', '0.00', '0', '0', '0.01', '10', '90', '0', '0', '3', '0', '0', '0', '0', '0', '0']"
833,"['NICOLÁS OTAMENDI', '570', '1', '0', '0', '0.03', '2', '1', '0.23', '491', '92', '6', '7', '32', '0', '0', '0', '0', '0', '0']"
834,"['NICOLÁS TAGLIAFICO', '252', '3', '2', '0', '1.01', '1', '0', '0.14', '94', '84', '3', '5', '8', '1', '0', '1', '0', '2', '4']"
835,"['NICOLÁS DE LA CRUZ', '36', '1', '1', '0', '0.04', '0', '0', '0.03', '21', '86', '0', '0', '4', '0', '0', '0', '0', '0', '1']"
836,"['NIKLAS SÜLE', '269', '1', '0', '0', '0.11', '0', '0', '0.10', '238', '91', '4', '0', '17', '0', '0', '0', '0', '0', '0']"
837,"['NIKOLA MILENKOVIC', '270', '3', '0', '0', '0.18', '0', '0', '0.02', '159', '87', '5', '6', '18', '0', '0', '0', '0', '0', '0']"
838,"['NIKOLA VLASIC', '176', '4', '1', '0', '0.41', '0', '0', '0.12', '44', '91', '1', '0', '8', '1', '0', '0', '0', '1', '8']"
839,"['NOA LANG', '7', '0', '0', '0', '0.00', '0', '0', '0.00', '2', '50', '0', '1', '1', '0', '0', '0', '0', '0', '0']"
840,"['NOAH OKAFOR', '43', '1', '0', '0', '0.03', '1', '0', '0.01', '22', '77', '0', '0', '4', '1', '0', '0', '0', '1', '4']"
841,"['NOUHOU TOLO', '270', '0', '0', '0', '0.00', '0', '0', '0.04', '82', '79', '5', '6', '17', '0', '0', '0', '0', '0', '5']"
842,"['NOUSSAIR MAZRAOUI', '322', '4', '2', '0', '0.15', '0', '0', '0.07', '76', '82', '8', '1', '17', '0', '0', '0', '0', '0', '3']"
843,"['NUNO MENDES', '42', '0', '0', '0', '0.00', '1', '0', '0.04', '25', '92', '0', '2', '2', '0', '0', '1', '0', '1', '2']"
844,"['NÉSTOR ARAÚJO', '90', '0', '0', '0', '0.00', '0', '0', '0.04', '46', '80', '1', '3', '6', '0', '0', '0', '0', '0', '0']"
845,"['OLIVIER GIROUD', '317', '13', '6', '4', '3.12', '2', '0', '0.31', '45', '69', '0', '0', '6', '0', '0', '0', '0', '0', '0']"
846,"['OLIVIER NTCHAM', '22', '1', '1', '0', '0.04', '1', '0', '0.03', '12', '92', '0', '0', '1', '1', '0', '0', '0', '1', '2']"
847,"['ORBELÍN PINEDA', '77', '4', '1', '0', '0.32', '1', '0', '0.01', '25', '72', '3', '0', '4', '2', '0', '0', '0', '2', '2']"
848,"['OSMAN BUKARI', '58', '3', '1', '1', '0.50', '1', '0', '0.04', '18', '78', '0', '1', '2', '0', '0', '0', '0', '0', '2']"
849,"['OTÁVIO', '199', '3', '2', '0', '0.11', '4', '0', '0.53', '117', '78', '7', '1', '16', '0', '0', '0', '0', '0', '0']"
850,"['OUSMANE DEMBÉLÉ', '318', '8', '2', '0', '0.48', '11', '2', '0.99', '141', '81', '4', '1', '19', '2', '0', '3', '1', '6', '18']"
851,"['PABLO SARABIA', '2', '1', '0', '0', '0.11', '2', '0', '0.02', '2', '50', '0', '0', '0', '0', '0', '0', '0', '0', '0']"
852,"['PAIK SEUNG-HO', '25', '1', '1', '1', '0.04', '0', '0', '0.01', '27', '74', '2', '0', '4', '0', '0', '0', '0', '0', '0']"
853,"['PAPE ABOU CISSÉ', '104', '0', '0', '0', '0.00', '0', '0', '0.01', '36', '78', '0', '2', '2', '0', '0', '0', '0', '0', '1']"
854,"['PAPE GUEYE', '152', '4', '2', '0', '0.11', '2', '0', '0.05', '54', '70', '2', '2', '5', '2', '0', '1', '0', '3', '1']"
855,PLAYER
856,MINS PLAYED
857,SHOTS
858,SOT
859,GOALS
860,XG
861,CHANCES CREATED
862,ASSISTS
863,XA
864,PASSES
865,PASS %
866,TACKLES WON
867,INT
868,REC
869,SHOT-ENDING
870,GOAL-ENDING
871,CHANCE-CREATING
872,ASSIST
873,TOTAL
874,ATTEMPTS
875,WIN %
876,"['PAPU GÓMEZ', '109', '2', '0', '0', '0.04', '0', '0', '0.03', '55', '95', '0', '1', '6', '1', '0', '0', '0', '1', '2']"
877,"['PATHÉ CISS', '145', '1', '0', '0', '0.04', '0', '0', '0.02', '57', '81', '3', '2', '10', '0', '0', '0', '0', '0', '3']"
878,"['PAU TORRES', '90', '0', '0', '0', '0.00', '0', '0', '0.04', '189', '92', '0', '0', '6', '0', '0', '0', '0', '0', '0']"
879,"['PAULO DYBALA', '16', '0', '0', '0', '0.00', '1', '0', '0.11', '9', '78', '1', '0', '1', '0', '0', '0', '0', '0', '1']"
880,"['PEDRI', '357', '0', '0', '0', '0.00', '5', '0', '0.94', '426', '91', '2', '4', '27', '0', '0', '1', '0', '1', '11']"
881,"['PEDRO', '62', '4', '1', '0', '0.53', '0', '0', '0.00', '10', '70', '2', '1', '2', '0', '0', '0', '0', '0', '1']"
882,"['PEDRO MIGUEL', '263', '2', '0', '0', '0.05', '0', '0', '0.07', '91', '70', '4', '8', '14', '0', '0', '0', '0', '0', '4']"
883,"['PEPE', '360', '3', '1', '1', '0.44', '0', '0', '0.04', '286', '84', '0', '6', '28', '0', '0', '0', '0', '0', '1']"
884,"['PERVIS ESTUPIÑÁN', '270', '1', '1', '0', '0.07', '3', '0', '0.26', '134', '83', '3', '3', '21', '1', '0', '0', '0', '1', '8']"
885,"['PHIL FODEN', '259', '6', '1', '1', '1.08', '4', '2', '0.31', '101', '82', '1', '1', '9', '0', '0', '2', '1', '3', '6']"
886,"['PIERO HINCAPIÉ', '270', '0', '0', '0', '0.00', '0', '0', '0.02', '192', '85', '4', '2', '13', '0', '0', '0', '0', '0', '0']"
887,"['PIERRE KUNDE', '135', '5', '2', '0', '0.22', '0', '0', '0.06', '39', '82', '2', '4', '13', '3', '0', '0', '0', '3', '1']"
888,"['PIERRE-EMILE HØJBJERG', '270', '2', '1', '0', '0.03', '1', '0', '0.12', '215', '89', '2', '3', '26', '0', '0', '1', '0', '1', '2']"
889,"['PIOTR ZIELINSKI', '330', '3', '2', '1', '0.57', '2', '0', '0.09', '126', '84', '5', '1', '17', '0', '0', '2', '0', '2', '5']"
890,"['PRZEMYSLAW FRANKOWSKI', '240', '1', '0', '0', '0.03', '1', '0', '0.15', '65', '72', '4', '3', '12', '0', '0', '0', '0', '0', '4']"
891,"['RAFAEL LEÃO', '83', '5', '2', '2', '0.41', '1', '0', '0.23', '41', '76', '0', '1', '5', '3', '1', '0', '0', '4', '9']"
892,"['RAHEEM STERLING', '150', '1', '1', '1', '0.37', '1', '1', '0.06', '53', '85', '1', '1', '8', '0', '0', '1', '1', '2', '4']"
893,"['RAMIN REZAEIAN', '180', '2', '1', '1', '0.27', '1', '0', '0.41', '76', '74', '5', '3', '22', '2', '1', '0', '0', '3', '1']"
894,"['RANDAL KOLO MUANI', '90', '1', '0', '0', '0.04', '0', '0', '0.02', '18', '56', '3', '1', '1', '1', '0', '0', '0', '1', '5']"
895,"['RAPHAËL GUERREIRO', '279', '3', '1', '1', '0.36', '5', '2', '0.55', '145', '88', '2', '3', '17', '2', '1', '0', '0', '3', '3']"
896,"['RAPHAËL VARANE', '318', '2', '0', '0', '0.28', '0', '0', '0.02', '163', '89', '0', '4', '13', '0', '0', '0', '0', '0', '1']"
897,"['RAPHINHA', '317', '8', '6', '0', '1.21', '6', '0', '0.65', '120', '83', '6', '3', '11', '3', '0', '2', '0', '5', '16']"
898,"['RASMUS KRISTENSEN', '224', '0', '0', '0', '0.00', '1', '0', '0.07', '145', '79', '7', '1', '15', '0', '0', '0', '0', '0', '5']"
899,"['RAÚL JIMÉNEZ', '56', '0', '0', '0', '0.00', '0', '0', '0.03', '26', '65', '0', '1', '2', '0', '0', '0', '0', '0', '0']"
900,PLAYER
901,MINS PLAYED
902,SHOTS
903,SOT
904,GOALS
905,XG
906,CHANCES CREATED
907,ASSISTS
908,XA
909,PASSES
910,PASS %
911,TACKLES WON
912,INT
913,REC
914,SHOT-ENDING
915,GOAL-ENDING
916,CHANCE-CREATING
917,ASSIST
918,TOTAL
919,ATTEMPTS
920,WIN %
921,"['RENATO STEFFEN', '31', '0', '0', '0', '0.00', '0', '0', '0.07', '14', '86', '0', '0', '5', '0', '0', '0', '0', '0', '0']"
922,"['RICARDO HORTA', '117', '3', '2', '1', '0.76', '1', '0', '0.09', '39', '74', '1', '1', '6', '0', '0', '0', '0', '0', '0']"
923,"['RICARDO RODRÍGUEZ', '359', '0', '0', '0', '0.00', '2', '0', '0.25', '182', '75', '2', '0', '16', '0', '0', '1', '0', '1', '0']"
924,"['RICHARLISON', '326', '8', '4', '3', '2.11', '6', '0', '0.36', '53', '70', '2', '1', '13', '1', '0', '0', '0', '1', '5']"
925,"['RICHIE LARYEA', '161', '2', '0', '0', '0.07', '4', '0', '0.34', '45', '76', '1', '0', '11', '1', '0', '1', '0', '2', '8']"
926,"['RILEY MCGREE', '269', '3', '1', '0', '0.14', '3', '1', '0.21', '69', '77', '1', '5', '11', '2', '0', '0', '0', '2', '1']"
927,"['RITSU DOAN', '218', '4', '3', '2', '0.50', '2', '0', '0.28', '44', '68', '5', '3', '11', '1', '0', '0', '0', '1', '9']"
928,"['RIYADH SHARAHILI', '53', '0', '0', '0', '0.00', '1', '0', '0.01', '16', '81', '0', '2', '3', '0', '0', '1', '0', '1', '2']"
929,"['ROAN WILSON', '1', '0', '0', '0', '0.00', '0', '0', '0.00', '4', '100', '0', '0', '1', '0', '0', '0', '0', '0', '0']"
930,"['ROBERT LEWANDOWSKI', '360', '12', '3', '1', '1.35', '5', '1', '0.45', '87', '70', '2', '1', '14', '2', '0', '3', '1', '6', '13']"
931,"['ROBERT SKOV', '21', '0', '0', '0', '0.00', '0', '0', '0.37', '15', '100', '0', '0', '2', '0', '0', '0', '0', '0', '1']"
932,"['ROBERTO ALVARADO', '17', '0', '0', '0', '0.00', '0', '0', '0.00', '7', '56', '0', '0', '0', '0', '0', '0', '0', '0', '2']"
933,"['RODRI', '390', '1', '0', '0', '0.02', '4', '0', '0.23', '676', '93', '2', '3', '35', '1', '0', '0', '0', '1', '0']"
934,"['RODRIGO BENTANCUR', '214', '3', '1', '0', '0.62', '2', '0', '0.14', '150', '85', '8', '7', '35', '1', '0', '0', '0', '1', '6']"
935,"['RODRIGO DE PAUL', '500', '5', '2', '0', '0.79', '6', '0', '0.33', '457', '85', '5', '7', '37', '0', '0', '0', '0', '0', '7']"
936,"['RODRYGO', '179', '6', '2', '0', '0.44', '5', '1', '0.58', '97', '86', '1', '2', '11', '0', '0', '1', '0', '1', '11']"
937,"['ROGELIO FUNES MORI', '4', '1', '0', '0', '0.07', '0', '0', '0.00', '0', '0', '0', '0', '0', '0', '0', '0', '0', '0', '0']"
938,"['ROMAIN SAÏSS', '447', '1', '1', '1', '0.80', '0', '0', '0.03', '168', '79', '2', '3', '28', '0', '0', '0', '0', '0', '2']"
939,"['ROMARIO IBARRA', '69', '2', '1', '0', '0.14', '0', '0', '0.01', '14', '71', '0', '1', '3', '1', '0', '0', '0', '1', '1']"
940,"['ROMELU LUKAKU', '54', '5', '2', '0', '1.73', '1', '0', '0.06', '7', '56', '0', '0', '1', '0', '0', '0', '0', '0', '1']"
941,"['RONALD MATARRITA', '24', '0', '0', '0', '0.00', '0', '0', '0.00', '23', '65', '0', '0', '4', '0', '0', '0', '0', '0', '1']"
942,"['ROOZBEH CHESHMI', '57', '1', '1', '1', '0.05', '0', '0', '0.00', '10', '60', '0', '2', '4', '0', '0', '0', '0', '0', '0']"
943,"['RUBIN COLWILL', '9', '1', '0', '0', '0.02', '0', '0', '0.00', '4', '50', '0', '0', '1', '0', '0', '0', '0', '0', '0']"
944,"['RUBÉN VARGAS', '289', '3', '1', '0', '0.34', '2', '1', '0.32', '95', '73', '0', '1', '11', '0', '0', '0', '0', '0', '7']"
945,PLAYER
946,MINS PLAYED
947,SHOTS
948,SOT
949,GOALS
950,XG
951,CHANCES CREATED
952,ASSISTS
953,XA
954,PASSES
955,PASS %
956,TACKLES WON
957,INT
958,REC
959,SHOT-ENDING
960,GOAL-ENDING
961,CHANCE-CREATING
962,ASSIST
963,TOTAL
964,ATTEMPTS
965,WIN %
966,"['RÚBEN NEVES', '271', '2', '0', '0', '0.09', '2', '0', '0.10', '249', '92', '1', '3', '12', '0', '0', '0', '0', '0', '0']"
967,"['SADEGH MOHARRAMI', '90', '0', '0', '0', '0.00', '0', '0', '0.01', '16', '69', '1', '1', '6', '0', '0', '0', '0', '0', '2']"
968,"['SAEID EZATOLAHI', '218', '3', '1', '0', '0.10', '2', '0', '0.37', '79', '76', '1', '2', '17', '2', '0', '1', '0', '3', '1']"
969,"['SALEH AL SHEHRI', '226', '2', '2', '1', '0.09', '2', '0', '0.04', '38', '55', '1', '0', '7', '0', '0', '0', '0', '0', '3']"
970,"['SALEM AL DAWSARI', '270', '8', '4', '2', '0.97', '5', '0', '0.26', '104', '81', '4', '1', '16', '2', '1', '3', '0', '6', '10']"
971,"['SALIS ABDUL SAMED', '251', '1', '0', '0', '0.02', '1', '0', '0.05', '139', '91', '2', '4', '15', '0', '0', '0', '0', '0', '4']"
972,"['SALMAN AL FARAJ', '45', '0', '0', '0', '0.00', '0', '0', '0.04', '12', '67', '0', '0', '1', '0', '0', '0', '0', '0', '0']"
973,"['SAMAN GHODDOS', '45', '1', '0', '0', '0.18', '1', '0', '0.03', '16', '88', '0', '0', '1', '0', '0', '0', '0', '0', '0']"
974,"['SAMI AL NAJI', '45', '0', '0', '0', '0.00', '0', '0', '0.01', '16', '75', '0', '0', '2', '0', '0', '0', '0', '0', '0']"
975,"['SAMUEL ADEKUGBE', '94', '0', '0', '0', '0.00', '1', '0', '0.14', '57', '93', '0', '1', '3', '0', '0', '0', '0', '0', '2']"
976,"['SAMUEL OUM GOUET', '99', '0', '0', '0', '0.00', '0', '0', '0.02', '58', '90', '1', '0', '10', '0', '0', '0', '0', '0', '0']"
977,"['SARDAR AZMOUN', '126', '5', '3', '0', '0.96', '1', '0', '0.20', '27', '59', '0', '0', '3', '2', '0', '0', '0', '2', '1']"
978,"['SASA LUKIC', '246', '1', '0', '0', '0.06', '0', '0', '0.10', '158', '88', '0', '1', '19', '0', '0', '0', '0', '0', '1']"
979,"['SAUD ABDULHAMID', '270', '1', '0', '0', '0.02', '2', '0', '0.10', '85', '76', '2', '2', '14', '0', '0', '0', '0', '0', '5']"
980,"['SEBASTIAN SZYMANSKI', '136', '0', '0', '0', '0.00', '0', '0', '0.11', '38', '66', '3', '2', '6', '0', '0', '0', '0', '0', '2']"
981,"['SEBASTIÁN COATES', '180', '1', '0', '0', '0.10', '0', '0', '0.03', '90', '81', '0', '1', '9', '0', '0', '0', '0', '0', '0']"
982,"['SELIM AMALLAH', '329', '2', '0', '0', '0.21', '2', '0', '0.09', '50', '80', '5', '6', '7', '0', '0', '1', '0', '1', '5']"
983,"['SERGE GNABRY', '264', '12', '4', '1', '1.09', '6', '1', '0.66', '105', '75', '2', '2', '11', '2', '0', '1', '1', '4', '5']"
984,"['SERGEJ MILINKOVIC-SAVIC', '236', '3', '1', '1', '0.17', '0', '0', '0.23', '117', '72', '1', '2', '18', '0', '0', '0', '0', '0', '6']"
985,"['SERGIO BUSQUETS', '364', '2', '0', '0', '0.14', '3', '0', '0.23', '278', '90', '4', '1', '28', '1', '0', '1', '0', '2', '1']"
986,"['SERGIÑO DEST', '309', '6', '0', '0', '0.24', '3', '1', '0.51', '167', '90', '2', '2', '13', '5', '0', '1', '0', '6', '14']"
987,"['SHAQ MOORE', '20', '0', '0', '0', '0.00', '0', '0', '0.01', '20', '65', '2', '0', '2', '0', '0', '0', '0', '0', '0']"
988,"['SHOGO TANIGUCHI', '210', '2', '0', '0', '0.25', '0', '0', '0.01', '81', '84', '0', '1', '8', '0', '0', '0', '0', '0', '0']"
989,"['SILVAN WIDMER', '266', '1', '0', '0', '0.02', '2', '1', '0.87', '135', '75', '6', '2', '13', '0', '0', '1', '0', '1', '2']"
990,PLAYER
991,MINS PLAYED
992,SHOTS
993,SOT
994,GOALS
995,XG
996,CHANCES CREATED
997,ASSISTS
998,XA
999,PASSES
1000,PASS %
1001,TACKLES WON
1002,INT
1003,REC
1004,SHOT-ENDING
1005,GOAL-ENDING
1006,CHANCE-CREATING
1007,ASSIST
1008,TOTAL
1009,ATTEMPTS
1010,WIN %
1011,"['SOFIANE BOUFAL', '351', '5', '1', '0', '0.16', '3', '0', '0.39', '85', '78', '4', '2', '19', '4', '0', '0', '0', '4', '22']"
1012,"['SOFYAN AMRABAT', '480', '0', '0', '0', '0.00', '1', '0', '0.04', '182', '84', '8', '6', '41', '0', '0', '0', '0', '0', '5']"
1013,"['SON HEUNG-MIN', '360', '9', '3', '0', '0.42', '3', '1', '0.55', '86', '76', '2', '2', '16', '3', '0', '2', '1', '6', '16']"
1014,"['SON JUN-HO', '70', '0', '0', '0', '0.00', '0', '0', '0.02', '58', '93', '3', '3', '9', '0', '0', '0', '0', '0', '0']"
1015,"['SORBA THOMAS', '1', '0', '0', '0', '0.00', '0', '0', '0.02', '2', '100', '1', '0', '1', '0', '0', '0', '0', '0', '1']"
1016,"['SRDJAN BABIC', '12', '0', '0', '0', '0.00', '0', '0', '0.00', '15', '60', '0', '0', '1', '0', '0', '0', '0', '0', '0']"
1017,"['STEFAN MITROVIC', '34', '0', '0', '0', '0.00', '0', '0', '0.00', '21', '86', '0', '0', '1', '0', '0', '0', '0', '0', '0']"
1018,"['STEPHEN EUSTÁQUIO', '126', '3', '0', '0', '0.18', '2', '0', '0.32', '89', '91', '2', '2', '10', '1', '0', '0', '0', '1', '1']"
1019,"['STEVEN BERGHUIS', '199', '5', '0', '0', '0.25', '2', '1', '0.14', '113', '80', '1', '0', '8', '1', '0', '0', '0', '1', '4']"
1020,"['STEVEN BERGWIJN', '214', '2', '0', '0', '0.51', '0', '0', '0.25', '71', '89', '1', '0', '4', '0', '0', '0', '0', '0', '4']"
1021,"['STEVEN VITÓRIA', '270', '0', '0', '0', '0.00', '0', '0', '0.03', '182', '86', '3', '0', '18', '0', '0', '0', '0', '0', '1']"
1022,"['STRAHINJA PAVLOVIC', '236', '2', '1', '1', '0.17', '0', '0', '0.06', '151', '77', '2', '1', '18', '0', '0', '0', '0', '0', '3']"
1023,"['SULTAN AL GHANNAM', '125', '2', '0', '0', '0.16', '1', '0', '0.12', '30', '70', '0', '2', '4', '0', '0', '0', '0', '0', '3']"
1024,"['TAHA YASSINE KHENISSI', '27', '1', '0', '0', '0.02', '1', '0', '0.03', '6', '33', '0', '0', '0', '0', '0', '0', '0', '0', '0']"
1025,"['TAJON BUCHANAN', '261', '5', '0', '0', '0.95', '4', '1', '0.54', '73', '71', '1', '3', '14', '0', '0', '2', '1', '3', '28']"
1026,"['TAKEFUSA KUBO', '90', '0', '0', '0', '0.00', '0', '0', '0.04', '11', '55', '1', '0', '4', '0', '0', '0', '0', '0', '0']"
1027,"['TAKEHIRO TOMIYASU', '186', '0', '0', '0', '0.00', '3', '0', '0.06', '91', '71', '0', '0', '12', '0', '0', '0', '0', '0', '0']"
1028,"['TAKUMA ASANO', '162', '8', '2', '1', '0.66', '2', '0', '0.04', '27', '78', '0', '1', '8', '3', '1', '1', '0', '5', '2']"
1029,"['TAKUMI MINAMINO', '57', '2', '1', '0', '0.12', '0', '0', '0.01', '18', '67', '1', '0', '4', '0', '0', '0', '0', '0', '0']"
1030,"['TAREK SALMAN', '7', '0', '0', '0', '0.00', '0', '0', '0.00', '9', '78', '0', '1', '1', '0', '0', '0', '0', '0', '0']"
1031,"['TARIQ LAMPTEY', '102', '1', '0', '0', '0.06', '0', '0', '0.02', '21', '67', '1', '1', '8', '0', '0', '0', '0', '0', '3']"
1032,"['TEUN KOOPMEINERS', '217', '2', '1', '0', '0.08', '1', '0', '0.04', '110', '78', '5', '4', '12', '0', '0', '0', '0', '0', '3']"
1033,"['THEO HERNÁNDEZ', '347', '4', '1', '0', '0.28', '10', '1', '1.00', '209', '90', '7', '3', '16', '0', '0', '3', '0', '3', '4']"
1034,"['THIAGO ALMADA', '6', '0', '0', '0', '0.00', '1', '0', '0.08', '13', '100', '0', '0', '0', '0', '0', '0', '0', '0', '0']"
1035,PLAYER
1036,MINS PLAYED
1037,SHOTS
1038,SOT
1039,GOALS
1040,XG
1041,CHANCES CREATED
1042,ASSISTS
1043,XA
1044,PASSES
1045,PASS %
1046,TACKLES WON
1047,INT
1048,REC
1049,SHOT-ENDING
1050,GOAL-ENDING
1051,CHANCE-CREATING
1052,ASSIST
1053,TOTAL
1054,ATTEMPTS
1055,WIN %
1056,"['THILO KEHRER', '70', '0', '0', '0', '0.00', '0', '0', '0.00', '24', '79', '2', '3', '3', '0', '0', '0', '0', '0', '0']"
1057,"['THOMAS DELANEY', '45', '0', '0', '0', '0.00', '0', '0', '0.00', '27', '81', '1', '0', '2', '0', '0', '0', '0', '0', '0']"
1058,"['THOMAS MEUNIER', '213', '3', '1', '0', '0.21', '3', '0', '0.04', '124', '78', '6', '2', '13', '1', '0', '1', '0', '2', '3']"
1059,"['THOMAS MÜLLER', '203', '3', '0', '0', '0.31', '8', '0', '0.48', '68', '74', '2', '1', '1', '1', '0', '1', '0', '2', '0']"
1060,"['THOMAS PARTEY', '270', '2', '0', '0', '0.21', '2', '0', '0.16', '170', '84', '5', '0', '21', '0', '0', '0', '0', '0', '4']"
1061,"['THORGAN HAZARD', '106', '0', '0', '0', '0.00', '4', '0', '0.55', '40', '75', '2', '0', '6', '0', '0', '1', '0', '1', '2']"
1062,"['TIM REAM', '360', '1', '1', '0', '0.30', '0', '0', '0.04', '269', '88', '3', '4', '19', '0', '0', '0', '0', '0', '2']"
1063,"['TIMOTHY CASTAGNE', '270', '0', '0', '0', '0.00', '0', '0', '0.06', '180', '88', '4', '2', '9', '0', '0', '0', '0', '0', '2']"
1064,"['TIMOTHY WEAH', '320', '5', '3', '1', '0.65', '6', '0', '0.19', '99', '87', '0', '0', '10', '1', '0', '2', '0', '3', '2']"
1065,"['TOBY ALDERWEIRELD', '270', '0', '0', '0', '0.00', '1', '1', '0.42', '267', '91', '2', '0', '8', '0', '0', '0', '0', '0', '1']"
1066,"['TRENT ALEXANDER-ARNOLD', '33', '0', '0', '0', '0.00', '0', '0', '0.02', '20', '95', '0', '0', '1', '0', '0', '0', '0', '0', '0']"
1067,"['TYLER ADAMS', '360', '1', '0', '0', '0.02', '2', '0', '0.38', '253', '90', '9', '4', '33', '0', '0', '0', '0', '0', '1']"
1068,"['URIEL ANTUNA', '75', '2', '2', '0', '0.15', '1', '0', '0.13', '12', '83', '3', '0', '1', '1', '0', '1', '0', '2', '1']"
1069,"['VICTOR NELSSON', '90', '0', '0', '0', '0.00', '0', '0', '0.01', '71', '93', '0', '2', '3', '0', '0', '0', '0', '0', '0']"
1070,"['VINCENT JANSSEN', '86', '2', '0', '0', '0.09', '1', '0', '0.05', '19', '79', '0', '0', '2', '0', '0', '0', '0', '0', '1']"
1071,"['VINÍCIUS JÚNIOR', '302', '9', '4', '1', '1.00', '8', '2', '0.79', '76', '87', '1', '0', '12', '1', '0', '5', '2', '8', '16']"
1072,"['VIRGIL VAN DIJK', '480', '3', '0', '0', '0.19', '1', '0', '0.11', '336', '88', '1', '4', '31', '0', '0', '0', '0', '0', '0']"
1073,"['VITINHA', '118', '2', '2', '0', '0.07', '0', '0', '0.09', '103', '94', '2', '1', '4', '0', '0', '0', '0', '0', '2']"
1074,"['WAHBI KHAZRI', '82', '5', '3', '1', '0.43', '0', '0', '0.02', '16', '75', '0', '0', '5', '2', '1', '0', '0', '3', '3']"
1075,"['WAJDI KECHRIDA', '109', '0', '0', '0', '0.00', '1', '0', '0.11', '43', '57', '3', '0', '6', '0', '0', '0', '0', '0', '4']"
1076,"['WALID CHEDDIRA', '62', '2', '1', '0', '0.47', '0', '0', '0.00', '8', '50', '0', '0', '0', '1', '0', '0', '0', '1', '1']"
1077,"['WALKER ZIMMERMAN', '278', '1', '0', '0', '0.07', '0', '0', '0.02', '239', '89', '2', '4', '17', '0', '0', '0', '0', '0', '0']"
1078,"['WATARU ENDO', '303', '6', '1', '0', '0.18', '4', '0', '0.37', '186', '81', '4', '3', '22', '0', '0', '0', '0', '0', '6']"
1079,"['WESTON MCKENNIE', '275', '5', '1', '0', '0.40', '4', '0', '0.19', '140', '77', '1', '0', '14', '0', '0', '0', '0', '0', '2']"
1080,PLAYER
1081,MINS PLAYED
1082,SHOTS
1083,SOT
1084,GOALS
1085,XG
1086,CHANCES CREATED
1087,ASSISTS
1088,XA
1089,PASSES
1090,PASS %
1091,TACKLES WON
1092,INT
1093,REC
1094,SHOT-ENDING
1095,GOAL-ENDING
1096,CHANCE-CREATING
1097,ASSIST
1098,TOTAL
1099,ATTEMPTS
1100,WIN %
1101,"['WILLIAM SALIBA', '27', '0', '0', '0', '0.00', '1', '0', '0.01', '37', '100', '0', '0', '3', '0', '0', '0', '0', '0', '1']"
1102,"['WOUT WEGHORST', '61', '2', '2', '2', '0.19', '1', '0', '0.01', '15', '60', '0', '0', '2', '0', '0', '0', '0', '0', '0']"
1103,"['XAVI SIMONS', '7', '0', '0', '0', '0.00', '0', '0', '0.14', '10', '60', '0', '0', '0', '0', '0', '0', '0', '0', '0']"
1104,"['XHERDAN SHAQIRI', '231', '4', '2', '1', '0.30', '3', '1', '1.00', '84', '74', '0', '0', '6', '1', '0', '0', '0', '1', '3']"
1105,"['YAHYA ATTIAT-ALLAH', '181', '1', '0', '0', '0.08', '3', '1', '0.18', '40', '73', '2', '0', '12', '0', '0', '1', '1', '2', '1']"
1106,"['YAHYA JABRANE', '13', '0', '0', '0', '0.00', '0', '0', '0.00', '4', '50', '0', '0', '3', '0', '0', '0', '0', '0', '0']"
1107,"['YANNICK CARRASCO', '117', '4', '0', '0', '0.29', '0', '0', '0.05', '41', '90', '4', '1', '8', '1', '0', '0', '0', '1', '3']"
1108,"['YASIR AL SHAHRANI', '89', '0', '0', '0', '0.00', '0', '0', '0.00', '21', '38', '1', '6', '5', '0', '0', '0', '0', '0', '0']"
1109,"['YASSINE MERIAH', '270', '1', '0', '0', '0.07', '1', '0', '0.03', '161', '83', '2', '1', '16', '0', '0', '0', '0', '0', '4']"
1110,"['YELTSIN TEJEDA', '269', '2', '2', '1', '0.43', '1', '1', '0.04', '97', '79', '2', '1', '14', '0', '0', '1', '1', '2', '2']"
1111,"['YOURI TIELEMANS', '93', '0', '0', '0', '0.00', '1', '0', '0.07', '59', '83', '1', '2', '9', '0', '0', '0', '0', '0', '0']"
1112,"['YOUSSEF EN-NESYRI', '391', '5', '2', '2', '0.84', '1', '0', '0.03', '55', '57', '2', '1', '11', '1', '1', '0', '0', '2', '8']"
1113,"['YOUSSEF MSAKNI', '170', '9', '2', '0', '0.54', '4', '0', '0.58', '59', '71', '1', '0', '9', '2', '0', '1', '0', '3', '7']"
1114,"['YOUSSOUF FOFANA', '111', '1', '0', '0', '0.04', '1', '0', '0.10', '66', '88', '2', '1', '10', '1', '0', '1', '0', '2', '0']"
1115,"['YOUSSOUF SABALY', '360', '2', '1', '0', '0.04', '7', '0', '0.72', '184', '87', '6', '4', '27', '0', '0', '2', '0', '2', '10']"
1116,"['YOUSSOUFA MOUKOKO', '1', '0', '0', '0', '0.00', '0', '0', '0.00', '1', '100', '0', '0', '1', '0', '0', '0', '0', '0', '0']"
1117,"['YOUSTIN SALAS', '46', '0', '0', '0', '0.00', '0', '0', '0.00', '15', '73', '1', '0', '5', '0', '0', '0', '0', '0', '2']"
1118,"['YUKI SOMA', '82', '3', '0', '0', '0.19', '0', '0', '0.01', '9', '78', '0', '0', '2', '1', '0', '0', '0', '1', '2']"
1119,"['YUNUS MUSAH', '345', '4', '1', '0', '0.31', '3', '0', '0.20', '171', '87', '6', '2', '23', '1', '0', '1', '0', '2', '12']"
1120,"['YUTO NAGATOMO', '211', '0', '0', '0', '0.00', '1', '0', '0.05', '82', '74', '2', '0', '11', '0', '0', '1', '0', '1', '4']"
1121,"['ZAKARIA ABOUKHLAL', '50', '2', '2', '1', '0.96', '0', '0', '0.00', '9', '44', '1', '1', '3', '1', '0', '0', '0', '1', '1']"
1122,"['ÁLVARO MORATA', '183', '8', '5', '3', '1.36', '2', '1', '0.13', '40', '68', '1', '0', '2', '0', '0', '1', '0', '1', '3']"
1123,"['ÁLVARO ZAMORA', '29', '0', '0', '0', '0.00', '0', '0', '0.00', '5', '100', '0', '1', '1', '0', '0', '0', '0', '0', '0']"
1124,"['ÁNGEL CORREA', '4', '0', '0', '0', '0.00', '0', '0', '0.00', '3', '100', '1', '0', '0', '0', '0', '0', '0', '0', '0']"
1125,PLAYER
1126,MINS PLAYED
1127,SHOTS
1128,SOT
1129,GOALS
1130,XG
1131,CHANCES CREATED
1132,ASSISTS
1133,XA
1134,PASSES
1135,PASS %
1136,TACKLES WON
1137,INT
1138,REC
1139,SHOT-ENDING
1140,GOAL-ENDING
1141,CHANCE-CREATING
1142,ASSIST
1143,TOTAL
1144,ATTEMPTS
1145,WIN %
1146,"['ÉDER MILITÃO', '348', '5', '1', '0', '0.18', '1', '0', '0.10', '249', '91', '6', '3', '29', '0', '0', '0', '0', '0', '0']"
1147,"['ÉRICK GUTIÉRREZ', '48', '0', '0', '0', '0.00', '0', '0', '0.01', '28', '82', '1', '2', '3', '0', '0', '0', '0', '0', '1']"
1148,"['ÉVERTON RIBEIRO', '35', '0', '0', '0', '0.00', '2', '0', '0.10', '16', '88', '0', '0', '0', '0', '0', '1', '0', '1', '1']"
